TCGA-76-4925-01A-01R-1850-01	TCGA-06-0649-01B-01R-1849-01	TCGA-14-1034-01A-01R-1849-01	TCGA-26-5136-01B-01R-1850-01	TCGA-06-5412-01A-01R-1849-01	TCGA-76-4931-01A-01R-1850-01	TCGA-28-5216-01A-01R-1850-01	TCGA-06-2565-01A-01R-1849-01	TCGA-32-1982-01A-01R-1850-01	TCGA-06-0184-01A-01R-1849-01	TCGA-06-0878-01A-01R-1849-01	TCGA-06-0646-01A-01R-1849-01	TCGA-27-1835-01A-01R-1850-01	TCGA-14-1823-01A-01R-1849-01	TCGA-02-2485-01A-01R-1849-01	TCGA-06-0745-01A-01R-1849-01	TCGA-12-3653-01A-01R-1849-01	TCGA-32-2615-01A-01R-1850-01	TCGA-28-5213-01A-01R-1850-01	TCGA-06-0157-01A-01R-1849-01	TCGA-06-5858-01A-01R-1849-01	TCGA-16-0846-01A-01R-1850-01	TCGA-32-2632-01A-01R-1850-01	TCGA-06-0190-01A-01R-1849-01	TCGA-06-2558-01A-01R-1849-01	TCGA-06-0211-01A-01R-1849-01	TCGA-28-5204-01A-01R-1850-01	TCGA-14-0871-01A-01R-1849-01	TCGA-26-5132-01A-01R-1850-01	TCGA-06-2557-01A-01R-1849-01	TCGA-28-5209-01A-01R-1850-01	TCGA-26-5133-01A-01R-1850-01	TCGA-27-2528-01A-01R-1850-01	TCGA-06-0882-01A-01R-1849-01	TCGA-14-0817-01A-01R-1849-01	TCGA-32-5222-01A-01R-1850-01	TCGA-12-0619-01A-01R-1849-01	TCGA-06-2570-01A-01R-1849-01	TCGA-06-0211-01B-01R-1849-01	TCGA-06-0129-01A-01R-1849-01	TCGA-12-3652-01A-01R-1849-01	TCGA-06-2569-01A-01R-1849-01	TCGA-06-5414-01A-01R-1849-01	TCGA-27-1834-01A-01R-1850-01	TCGA-02-0047-01A-01R-1849-01	TCGA-27-1831-01A-01R-1850-01	TCGA-76-4926-01B-01R-1850-01	TCGA-06-0219-01A-01R-1849-01	TCGA-14-0781-01B-01R-1849-01	TCGA-14-0790-01B-01R-1849-01	TCGA-06-0644-01A-02R-1849-01	TCGA-28-5208-01A-01R-1850-01	TCGA-28-5207-01A-01R-1850-01	TCGA-15-1444-01A-02R-1850-01	TCGA-02-0055-01A-01R-1849-01	TCGA-06-0645-01A-01R-1849-01	TCGA-02-2483-01A-01R-1849-01	TCGA-12-5299-01A-02R-1849-01	TCGA-27-1832-01A-01R-1850-01	TCGA-06-5856-01A-01R-1849-01	TCGA-32-4213-01A-01R-1850-01	TCGA-06-5417-01A-01R-1849-01	TCGA-27-2524-01A-01R-1850-01	TCGA-14-1829-01A-01R-1850-01	TCGA-06-0749-01A-01R-1849-01	TCGA-06-5411-01A-01R-1849-01	TCGA-28-1747-01C-01R-1850-01	TCGA-12-1597-01B-01R-1849-01	TCGA-41-4097-01A-01R-1850-01	TCGA-06-0187-01A-01R-1849-01	TCGA-28-2509-01A-01R-1850-01	TCGA-06-5418-01A-01R-1849-01	TCGA-27-2526-01A-01R-1850-01	TCGA-41-2572-01A-01R-1850-01	TCGA-12-5295-01A-01R-1849-01	TCGA-26-5134-01A-01R-1850-01	TCGA-12-0821-01A-01R-1849-01	TCGA-27-2521-01A-01R-1850-01	TCGA-76-4929-01A-01R-1850-01	TCGA-19-4065-01A-01R-2005-01	TCGA-32-1970-01A-01R-1850-01	TCGA-06-0174-01A-01R-1849-01	TCGA-14-0789-01A-01R-1849-01	TCGA-14-0787-01A-01R-1849-01	TCGA-06-0132-01A-02R-1849-01	TCGA-28-5220-01A-01R-1850-01	TCGA-28-2510-01A-01R-1850-01	TCGA-06-5410-01A-01R-1849-01	TCGA-06-2559-01A-01R-1849-01	TCGA-15-0742-01A-01R-1850-01	TCGA-06-0747-01A-01R-1849-01	TCGA-19-1390-01A-01R-1850-01	TCGA-19-2619-01A-01R-1850-01	TCGA-06-0743-01A-01R-1849-01	TCGA-32-2616-01A-01R-1850-01	TCGA-28-2513-01A-01R-1850-01	TCGA-06-2562-01A-01R-1849-01	TCGA-41-2571-01A-01R-1850-01	TCGA-28-1753-01A-01R-1850-01	TCGA-06-0158-01A-01R-1849-01	TCGA-19-2629-01A-01R-1850-01	TCGA-76-4932-01A-01R-1850-01	TCGA-06-2564-01A-01R-1849-01	TCGA-14-2554-01A-01R-1850-01	TCGA-26-1442-01A-01R-1850-01	TCGA-12-0618-01A-01R-1849-01	TCGA-06-0238-01A-02R-1849-01	TCGA-06-5415-01A-01R-1849-01	TCGA-06-0141-01A-01R-1849-01	TCGA-26-5139-01A-01R-1850-01	TCGA-14-1825-01A-01R-1850-01	TCGA-27-1830-01A-01R-1850-01	TCGA-06-5413-01A-01R-1849-01	TCGA-06-0744-01A-01R-1849-01	TCGA-06-2563-01A-01R-1849-01	TCGA-06-0125-01A-01R-1849-01	TCGA-19-5960-01A-11R-1850-01	TCGA-32-1980-01A-01R-1850-01	TCGA-06-5859-01A-01R-1849-01	TCGA-12-0616-01A-01R-1849-01	TCGA-06-2567-01A-01R-1849-01	TCGA-06-0156-01A-03R-1849-01	TCGA-06-0130-01A-01R-1849-01	TCGA-06-0686-01A-01R-1849-01	TCGA-27-1837-01A-01R-1850-01	TCGA-32-2634-01A-01R-1850-01	TCGA-06-5408-01A-01R-1849-01	TCGA-19-2624-01A-01R-1850-01	TCGA-06-0178-01A-01R-1849-01	TCGA-28-5215-01A-01R-1850-01	TCGA-27-2523-01A-01R-1850-01	TCGA-12-3650-01A-01R-1849-01	TCGA-28-5218-01A-01R-1850-01	TCGA-06-0168-01A-01R-1849-01	TCGA-06-0750-01A-01R-1849-01	TCGA-06-1804-01A-01R-1849-01	TCGA-76-4927-01A-01R-1850-01	TCGA-06-0138-01A-02R-1849-01	TCGA-02-2486-01A-01R-1849-01	TCGA-28-2499-01A-01R-1850-01	TCGA-19-1787-01B-01R-1850-01	TCGA-06-2561-01A-02R-1849-01	TCGA-19-2620-01A-01R-1850-01	TCGA-06-5416-01A-01R-1849-01	TCGA-06-0210-01A-01R-1849-01	TCGA-27-2519-01A-01R-1850-01	TCGA-28-2514-01A-02R-1850-01	TCGA-08-0386-01A-01R-1849-01	TCGA-16-1045-01B-01R-1850-01	TCGA-41-5651-01A-01R-1850-01	TCGA-76-4928-01B-01R-1850-01	TCGA-06-0156-01A-02R-1849-01	TCGA-19-2625-01A-01R-1850-01	TCGA-32-2638-01A-01R-1850-01	TCGA-41-3915-01A-01R-1850-01	TCGA-26-5135-01A-01R-1850-01
FTHL3	27	4	10	4	16	11	14	3	0	13	4	4	11	23	3	12	21	7	24	10	18	3	5	10	1	18	15	5	13	9	18	5	19	5	5	15	14	11	5	5	17	14	11	3	5	18	8	12	12	1	16	10	2	8	19	7	10	15	7	9	49	9	13	16	5	9	13	19	4	12	11	24	22	26	7	9	8	7	3	9	6	11	29	11	8	10	7	30	6	12	10	10	9	17	21	12	5	7	9	8	15	25	7	6	16	11	3	6	10	3	8	3	4	16	2	6	2	10	14	10	6	12	18	7	5	2	10	10	9	4	8	13	11	3	14	4	8	13	19	14	13	9	10	3	20	9	8	5	11	17	7	8	32	8	5	10
GCSH	32	2	37	1	7	42	11	26	7	68	4	25	21	18	10	65	85	26	7	28	15	10	22	5	8	24	12	8	21	3	20	51	17	6	22	34	10	19	29	9	75	15	39	5	6	17	14	40	18	34	1	31	4	13	1	10	4	28	0	14	16	0	7	22	23	9	17	8	10	85	14	9	60	46	18	19	18	31	20	12	9	35	3	7	1	58	12	15	2	52	68	41	31	22	55	20	9	11	0	28	22	56	15	6	7	12	7	12	4	12	38	3	12	35	18	39	9	2	15	72	3	13	0	15	15	11	16	0	57	2	59	6	9	20	24	13	19	28	4	23	13	7	15	3	22	4	6	49	6	3	19	6	11	9	10	13
LOC728643	6	0	8	1	6	2	4	13	0	0	14	1	1	1	5	0	0	0	9	3	0	4	0	1	1	0	6	63	0	6	8	1	3	4	5	9	4	17	0	3	0	25	6	5	5	4	9	0	0	10	3	6	5	13	0	3	13	6	12	4	0	0	3	2	3	0	3	3	5	2	3	4	8	0	11	10	8	8	1	1	1	6	14	8	1	9	1	2	14	1	0	4	11	1	2	1	4	2	1	1	11	11	9	3	3	1	1	4	3	6	15	3	3	2	12	5	4	0	2	3	2	0	2	5	3	4	12	3	0	3	4	2	11	0	0	5	1	1	6	9	6	8	13	3	1	5	3	4	3	7	7	0	1	3	1	0
LYPLA1	4327	3567	2360	2316	5020	3188	2249	3806	5997	6354	4109	3544	4425	3851	3941	5497	5826	4591	6870	4418	2405	1967	5802	3511	2912	4486	5892	3236	3161	3003	3234	4277	5182	3418	8363	7776	2988	2953	6029	2156	9551	4868	3050	2272	2293	7926	3857	9798	3149	4075	4623	5251	3250	1823	6328	4133	5654	4161	2596	5889	5873	3322	3672	8881	3864	3792	3410	7318	3168	3897	4353	4451	8090	8623	7625	2166	3182	3973	3338	3974	3178	4093	2467	4059	4105	4544	1631	3986	3333	4013	3061	1823	5169	3152	3234	4669	3832	5507	2586	2526	2205	4368	3431	5094	1519	2766	5946	5756	6209	3206	4348	2066	4802	6184	8559	3360	2674	2974	4638	5401	3211	5692	3759	3406	2800	2862	3823	2126	9388	2360	3289	6394	5881	4256	3617	1500	3338	7591	3288	6790	2061	2955	3507	4759	4025	2791	2286	3407	4347	2763	6749	3550	2613	3781	4559	2937
NACAP1	4	9	16	2	15	7	11	6	25	3	11	1	15	52	3	7	32	8	2	5	7	1	9	3	4	7	23	5	3	5	14	10	19	3	2	20	4	6	8	3	2	10	13	1	6	7	6	4	13	13	15	12	10	5	6	4	14	21	8	10	8	16	10	8	5	5	7	16	8	15	16	5	28	8	18	3	1	8	6	10	5	11	2	3	8	12	2	9	4	8	7	7	3	4	8	13	6	6	5	2	22	32	7	7	13	6	5	5	2	11	9	2	8	3	5	2	5	7	8	3	0	1	10	5	6	6	16	3	12	9	17	14	22	4	5	0	3	7	12	30	8	7	10	19	2	15	4	3	10	7	7	5	12	14	3	16
UBE2MP1	434	340	817	391	738	487	826	594	607	653	710	455	635	1115	854	394	554	469	719	647	515	450	669	747	551	714	558	731	716	432	811	472	979	533	862	1266	591	282	773	409	1174	345	727	369	528	1033	579	1254	524	763	908	963	473	400	691	644	1137	742	547	651	780	616	1177	1571	548	917	595	870	418	612	763	618	913	826	1265	429	817	380	282	945	930	864	678	624	845	853	603	637	471	578	429	539	453	501	758	715	489	630	528	504	418	789	499	1028	425	660	853	666	638	723	607	582	549	842	786	623	634	866	424	804	616	584	568	628	596	606	573	540	1238	542	717	1066	422	646	630	531	784	599	766	714	728	336	441	871	595	398	684	496	358	652	591	488	708	554	545	453
PPIA	29660	19213	14040	37620	23787	22768	13225	10738	22908	21786	15122	20890	26469	22436	12928	33162	31995	13876	21910	21299	22233	16142	31657	19401	20947	19587	41830	17354	22233	14167	21002	12078	15225	15225	21418	22502	18720	11690	26875	10018	25697	11115	19975	11949	10054	35313	16512	33885	19401	24992	26771	42145	17246	10804	16972	19401	21181	27831	31036	22233	18470	12997	38122	25417	27083	27831	17177	22436	10825	14299	25975	26178	31036	25697	24100	20776	19308	19258	12763	25331	36904	17725	10825	22040	21598	24492	16836	18027	14321	32998	12181	15122	22103	21847	28290	16642	17142	38630	22436	23125	14895	24658	16111	14995	11115	16938	31036	19879	25790	21002	26273	13445	31036	30324	23568	20027	18386	19401	15463	38630	15656	29519	31349	30889	20776	15854	22299	28057	29916	13856	17213	29793	19587	24100	23199	15252	37620	29005	14456	21658	28525	14659	11812	19684	13521	19308	14637	21299	11424	18512	19928	21718	19832	13715	14299	22233
HNRNPA3P1	103	8	69	60	41	38	39	36	7	31	56	21	37	23	41	18	59	16	26	19	25	48	27	31	15	64	66	171	25	42	81	51	35	16	23	40	28	45	42	32	36	64	43	26	28	17	23	6	38	24	44	56	17	25	20	19	93	28	34	19	49	7	43	7	23	10	30	8	12	46	33	23	74	40	61	39	53	60	23	17	22	36	73	88	18	41	6	32	35	89	29	46	28	16	35	17	23	18	43	15	47	74	24	15	14	23	14	16	10	37	91	24	29	33	45	42	44	9	15	28	21	6	32	44	61	13	61	40	6	32	78	50	86	18	31	17	74	6	37	20	34	25	12	81	15	18	25	19	41	41	50	8	17	20	19	44
RPL13AP3	0	1	0	2	1	0	2	0	0	2	0	0	0	2	0	0	0	0	0	1	0	0	0	0	0	2	0	0	1	0	3	0	0	0	0	1	0	0	0	0	3	0	0	0	0	2	0	1	0	0	3	0	0	1	0	0	0	2	0	0	0	1	0	0	0	0	1	1	0	0	0	0	0	0	4	0	0	0	0	0	0	1	0	0	0	1	0	0	0	0	0	0	0	0	0	0	1	0	0	0	2	3	0	0	0	0	0	0	0	1	0	0	0	0	0	0	0	0	0	0	0	0	1	1	0	0	3	0	0	0	0	0	0	0	0	0	1	0	0	0	0	0	0	0	0	0	0	0	0	0	0	0	0	0	0	1
ZNF90	1228	1153	973	615	1108	1448	1703	1604	2068	1487	1083	808	1683	2147	3120	2263	1344	1376	1955	1578	673	2021	1597	1258	1733	1715	1060	4514	1336	1510	1414	3536	1332	1070	5071	2645	687	2545	1689	1226	3756	2063	1619	956	665	3599	761	1850	855	1843	1073	1669	778	737	1410	1588	3962	1621	2087	1132	1801	1886	4001	3077	1711	858	1017	2658	881	766	1072	1543	2599	2701	3063	1275	2018	3849	673	1209	699	1821	1884	1988	1240	1514	598	1394	1644	1619	1294	1521	750	1537	1129	1309	939	2947	1030	1089	1490	1192	959	3227	1277	1341	2106	1490	1162	922	1814	1390	1268	4344	2209	1358	1340	902	664	2346	1032	1034	759	2705	1416	1195	1140	1283	4804	827	1664	2637	2715	1820	1286	618	2358	1802	1691	956	1034	678	1520	2666	1002	311	882	925	896	2136	1706	900	1588	1307	1605	1853
EDARADD	1235	160	490	323	431	527	1414	508	737	251	525	288	417	487	331	308	539	589	370	353	472	641	365	596	399	595	370	1457	664	480	627	586	440	519	863	537	622	363	308	145	610	414	476	292	354	617	383	532	567	220	628	435	366	226	794	408	780	662	924	483	771	433	444	285	317	228	267	452	913	811	985	582	604	770	1237	420	787	429	496	506	284	607	451	402	314	686	228	457	524	675	140	766	233	152	793	342	258	659	335	344	419	729	353	547	259	533	311	194	425	409	702	404	451	271	327	331	251	264	131	494	380	254	312	1016	446	407	676	190	296	444	423	522	4193	676	435	170	363	258	809	463	414	505	164	956	800	220	620	307	265	410	452	238	888	226	609	628
PRDX4	8180	7349	3784	3470	11212	4806	8503	4216	12551	7444	4782	3392	3831	13373	3527	12683	6384	5834	8677	3128	7859	2250	8915	6928	5684	5802	5269	6548	4922	2852	5052	8169	6705	3517	14345	8090	11596	3734	5447	2732	20388	15489	4933	3231	3433	12829	4272	13391	5426	4847	11019	6105	2557	2216	17873	5387	6847	8894	5192	8303	10587	4115	13959	14945	4974	5352	2908	7958	6108	4986	11704	11031	9729	11411	10102	3949	6897	6447	5581	14456	2876	6184	6034	5793	4775	5692	2111	7120	6114	6603	6586	3982	4052	4503	4880	6642	4644	10045	4063	3087	3226	7191	2892	14920	2042	4091	6632	4683	6277	5203	5997	4325	6589	9089	4972	3105	2826	3096	4364	9307	2772	8135	9215	5799	3291	5796	4988	2741	15489	4876	6384	5772	9746	6764	7838	1432	4939	6920	8636	7038	5728	3248	4272	18675	8867	4721	2956	5000	3839	3982	8547	5529	6614	4779	9307	4400
GPN1	2698	3458	2563	1937	3080	2791	2504	2275	3045	3881	2974	2489	2004	6129	2272	4365	3080	4685	5214	2786	1976	2783	1934	3458	3193	2916	3373	4179	1055	2072	2473	3287	2530	2997	5334	3949	2070	2382	3371	1867	4481	4576	2844	2945	2154	5620	2807	7331	3632	2356	4043	3618	2300	1768	4992	2883	3151	3614	1914	2460	3317	3332	5040	6431	2553	3643	2535	3876	2480	2521	3211	4370	3680	2948	5591	2148	3118	3338	2760	3647	2114	2916	2064	3192	3240	3478	1635	3400	2673	3042	1879	1563	2305	3166	3920	3483	3620	3307	1950	2034	3562	2953	2491	3475	1949	2539	4149	2399	5141	2572	3341	2193	3896	3818	3189	2209	2477	2929	2602	4829	2029	4308	3983	2776	2383	2464	2852	2058	6361	2192	3096	4903	2579	2986	3623	1020	2785	4470	6067	4648	1967	2873	2014	3892	3212	4174	1926	2399	2492	2308	2885	3301	3202	2555	3438	2780
OSTC	3257	4062	2590	3215	4475	2565	3405	2220	5631	3461	3602	2098	2631	5160	1833	5492	2280	4036	7100	2904	2121	2337	2530	4108	3469	2549	2732	11907	2249	2333	3081	2323	3636	2275	7296	4766	2428	2513	2535	1533	6268	5558	2691	1988	2065	8703	2840	8169	4196	2892	8935	4083	2773	1569	8435	3880	4253	4501	3923	3964	5440	2245	7182	9015	3028	3491	2519	3440	3452	2888	2931	4036	4643	4577	5870	2974	4821	3873	2940	7534	1959	2357	3018	3842	3596	5216	1732	4910	3045	3094	2665	2044	1825	3569	2181	4650	3373	3213	3205	1997	2230	2855	2423	4196	957	2010	5615	3616	5125	3286	2772	2277	5638	4266	3081	2366	2372	3374	2703	5330	2220	5389	7812	3137	2363	2596	2672	2266	6657	2708	2951	3283	6775	3170	5287	1533	3233	6726	4539	2809	2053	2660	2739	3941	4404	3118	1625	1884	3871	2522	5433	3560	3201	3137	3571	3261
TUBA1C	16320	11935	8441	7581	14434	7620	9246	3424	10386	6344	14970	6190	5436	11880	5966	9437	6424	12409	18224	6364	10502	6920	10228	16259	7265	10661	8023	8623	12181	3724	12829	1323	8398	8232	16972	16320	13373	2096	8597	979	16804	6798	10522	3082	3775	20282	7725	38122	13616	5633	28057	10418	4123	2019	20610	11386	3191	12378	17041	6962	13189	1091	28409	13558	3302	4493	4688	8683	12378	10491	25881	25417	11977	13391	14255	4547	13959	1578	5433	17283	6779	3358	9566	8584	9445	7822	3964	11650	6309	9600	11744	1155	5247	15304	24181	16259	15996	4356	7827	5531	1518	11188	7689	14591	526	5265	8535	8158	24741	9600	5445	4406	7756	9852	10408	5283	3655	5705	5641	10296	19540	19879	18936	7260	6492	8387	9445	4143	11825	7435	9022	14234	11894	14321	13485	7679	8784	8067	13262	13317	21120	12318	7444	28525	19075	13636	7300	9412	10365	2840	13794	12634	28409	8908	8578	6196
COMMD10	1890	1767	1389	1152	2134	1789	1263	1534	2754	2300	1789	1042	1270	2599	1085	4130	1779	1347	3654	1552	1225	1194	2588	1634	1704	2153	2090	1004	1443	1717	1890	532	1952	2225	4021	3753	848	1165	2434	617	5294	715	1699	730	1065	4404	1841	4368	1985	2662	1547	2988	1313	1171	1350	1819	1729	2114	1535	2328	2554	1709	4166	4376	2520	1766	1845	2599	842	1252	1734	2173	4436	3471	3282	921	2067	2144	638	1663	925	1482	1333	1312	2154	2639	847	1856	1237	2031	1699	672	1679	2445	1079	2394	1704	1090	1355	1110	1143	2098	1402	2153	1039	1405	3054	2053	2637	1838	1267	1060	2816	2688	2423	1277	681	1375	1395	2409	1454	1954	1224	1432	1614	684	1782	1088	4531	644	2234	3836	748	1297	1753	869	1848	2279	2675	2146	1266	1416	1185	2786	1586	1020	1655	847	1431	899	2022	1139	1377	1446	1048	1387
LOX	6280	3887	2761	962	6163	799	2084	1070	1610	1325	5783	2379	515	2229	910	1876	154	10111	2519	1389	1867	91	108	9000	2181	2521	352	2123	7591	742	2556	301	896	995	809	1127	5519	371	449	370	4003	1373	742	619	964	1536	2777	1038	5336	349	5940	336	646	264	13959	5631	721	5318	7792	1778	3592	638	8935	3552	241	968	142	1343	5644	2735	2734	3015	210	979	230	1518	2915	208	1441	2658	228	2678	27390	1047	2733	557	506	2845	2970	1051	545	427	618	1624	3121	14345	13135	3019	1725	866	357	827	547	1235	142	1331	353	235	2466	5042	508	1624	1650	265	239	3795	469	2159	2039	259	1004	8333	11285	1327	432	5085	1133	418	148	1191	592	911	2519	4186	2568	1659	3901	5225	9404	3697	1137	277	6492	420	6589	1436	512	7260	631	893	3841	7178	3239	8985	6478	1357
CNIH4	2220	2133	993	1783	2606	1752	2480	1617	2497	2068	1971	1578	2020	3816	1232	3208	1859	2329	4260	1244	1459	1712	2402	1205	2067	1885	2115	3001	2057	1675	2143	1399	2156	2158	2947	3710	2459	1408	1481	1455	4176	3204	2112	1681	1576	4885	1799	4773	2304	1281	2665	2294	1554	1427	3813	2720	3747	3038	2521	2497	2774	2253	3660	4706	2449	2014	1543	1937	2036	2014	3217	3270	4095	3066	4007	2278	2475	2695	2119	4353	1490	1471	1969	2354	2070	2298	1245	2726	1790	3338	2126	1286	939	2420	2002	2438	2033	2876	1370	1308	1947	2700	1378	3173	1450	1335	1777	2092	2570	2025	1710	2052	2725	3523	1497	1661	1402	1947	2018	3594	1301	2966	2166	1904	1837	2147	2047	2074	4806	1634	1923	2095	3953	2880	3205	966	1802	2973	4087	2338	1552	1964	1657	3533	2459	2290	1546	1490	1775	2128	3069	2519	3681	1787	2261	2284
PA2G4P4	502	143	526	414	424	406	448	315	448	335	340	312	435	490	392	374	530	241	381	452	329	278	425	334	333	430	499	383	232	293	509	608	515	157	431	561	231	288	474	172	708	611	393	191	208	203	251	428	291	636	547	498	271	316	390	388	621	466	285	423	429	337	729	201	265	265	478	550	158	406	423	344	610	414	641	379	385	700	358	317	319	426	295	363	251	300	256	373	331	512	388	443	407	290	521	387	289	228	345	303	629	655	249	387	378	364	372	326	226	438	514	287	368	414	401	364	210	293	453	549	407	284	406	389	403	400	454	265	599	365	649	567	542	352	269	278	397	210	395	377	544	358	273	487	288	477	330	229	275	381	421	225	382	343	238	395
PLIN2	777	4838	3114	1208	4755	3264	7548	647	1455	2566	8192	4384	648	5296	1393	9052	916	10651	13066	1514	2507	1248	2650	10554	2225	7529	1077	4596	5751	920	1170	1758	2281	1840	3227	2919	10130	7605	1084	818	4629	4994	5485	875	5992	1954	2175	3522	7195	421	3489	1684	1365	1068	7229	16673	11991	3836	7833	4209	4561	848	3354	5014	3116	2544	1750	3607	3632	5000	3474	7305	703	742	1522	1378	2703	1166	2074	12520	1567	4133	14545	2315	3548	747	2318	9371	7562	2448	741	4596	1985	902	3489	7174	4724	3996	10139	1153	1170	4802	2261	6485	474	2440	2846	1000	4638	5538	1799	3623	2360	1030	1084	2166	1109	3745	867	2298	3645	7296	2546	5339	569	982	1357	553	1340	3373	1507	2133	7669	3236	1992	284	3185	6043	3909	2587	695	1465	1536	9833	14614	3320	2771	1409	4190	2134	10111	5137	3898	2099	8784	10036
FAM176B	623	566	774	366	726	792	478	741	998	800	804	370	691	1189	340	1466	1109	903	1106	565	632	264	1086	1087	639	750	1161	1616	566	502	443	257	744	745	1467	1148	542	482	690	199	1806	4639	571	500	650	2522	497	1263	1158	518	2970	855	508	294	1824	590	503	1134	1131	613	1823	581	1627	1673	737	305	190	269	878	799	1001	473	1783	1128	2524	396	782	724	499	809	385	421	683	1168	473	521	236	1378	454	1121	700	216	409	536	1025	1027	640	255	560	391	308	1771	669	1433	191	219	313	470	604	645	548	421	836	972	935	535	130	422	503	930	243	715	1691	657	440	458	702	203	916	314	653	730	2635	860	1378	234	772	788	1387	732	500	615	444	407	634	485	312	350	563	225	2010	647	586	705	997	797
CPEB3	125	123	235	162	210	143	93	117	165	364	158	131	254	154	200	89	243	123	184	172	158	348	202	120	195	93	234	153	128	211	97	178	189	219	128	119	170	363	167	420	110	327	221	91	360	121	206	113	119	72	100	86	215	460	203	163	121	144	283	161	159	373	89	149	130	385	283	254	350	239	219	106	197	188	142	126	65	205	161	147	209	152	169	114	537	186	527	211	162	82	117	316	141	84	195	184	114	226	104	159	357	125	175	114	547	176	121	174	308	151	156	121	108	80	207	102	205	435	317	122	224	142	189	146	153	114	135	210	171	146	156	152	145	205	100	195	91	115	148	166	440	324	204	187	117	247	437	196	200	263	90	158	141	168	195	133
TBL2	3713	2207	2235	2247	3009	2459	1684	1776	2649	2346	2813	2151	2288	6621	1819	3681	3996	1950	3580	2348	2854	1676	3105	3496	2444	2944	3602	5593	2856	1605	2688	1748	2119	1883	4370	2764	1851	1405	3276	1279	4460	4339	3040	1896	1332	6142	2037	3738	3030	2956	6723	3288	2072	1387	4055	2522	2421	4372	2938	3493	2502	2155	4328	5260	1603	2411	1943	2763	2330	2987	4281	5058	4501	3593	4001	1395	3799	2722	2270	4411	2600	2969	2381	2874	1970	3318	1438	2528	2597	3080	2196	2636	2550	2220	3267	2899	2964	3537	2053	2476	1769	2804	2686	3535	1120	2083	2541	2577	2725	2797	2066	2611	3124	2942	3275	2190	3011	1596	2717	2054	1892	3126	3973	2720	2425	1426	2833	1768	3836	1658	3444	2705	5661	2184	2987	1630	3028	2519	3050	3263	1939	2394	2305	2791	3718	2714	1809	3090	2037	2433	2821	2374	1507	1984	1940	2321
LDHA	67273	19784	36447	39750	47726	38372	43471	21475	40024	30179	39456	43835	14614	25510	17761	59085	12668	33518	36447	26371	50052	11212	17320	49588	24333	46100	22299	24333	59085	13876	46902	9162	29916	22436	29660	26573	36447	21299	29121	4483	56217	5862	33709	13979	19832	25697	27083	41830	52012	16642	57641	19684	9720	12425	45323	49588	12151	50530	44191	30889	35754	11031	93116	31036	17916	23347	17837	49118	40604	35104	65037	46491	30324	40024	17916	36447	44944	29916	36669	52012	18146	46100	54262	34893	26178	13655	20610	41194	54262	33162	26072	64051	26771	20664	65037	36669	42480	69525	33162	26979	5524	37620	28644	31507	6274	54262	20610	14390	27083	40604	34692	29519	28884	18428	21299	25510	9380	33343	20337	23640	27831	47726	42480	46902	23938	41830	54262	35104	23418	28409	37369	28290	22040	43471	38122	18675	36447	33343	43122	17761	15382	25331	23199	53086	59827	39456	44191	53630	35313	40325	53086	42808	52012	29660	43122	39750
VKORC1	6299	3684	3966	3404	7921	2718	4933	2047	4937	5478	3424	2647	1426	6215	2489	5775	3114	3744	6723	2866	4610	2683	4986	4490	4238	2893	2076	3709	4384	2147	3144	3145	4318	3503	5723	5249	4190	3440	2238	1567	8819	1659	3098	1652	3868	7500	2852	8656	5648	2037	5796	3669	2252	2651	9824	3701	4739	4251	4334	4508	7715	4217	4829	9493	2270	3416	2038	5780	4636	4056	7926	7260	4947	4939	4697	3329	3357	4412	4272	7305	2137	3992	4598	3391	2975	4126	1922	5762	5674	3807	3322	3276	2392	2226	4397	4310	2646	5974	3264	2211	3571	4711	2399	3560	2418	3943	4130	2749	4840	3558	3499	3320	4655	3082	2437	2630	2142	2839	3684	4646	3770	3401	5254	3848	2637	3494	3566	3561	8002	3011	3224	3996	3635	2852	4615	2381	3047	4462	3835	2957	4224	2027	4452	7046	6951	3825	2823	4298	3970	3339	6196	2482	5359	2872	6139	4117
LRRC37A4	240	115	146	186	87	298	105	306	66	53	86	217	151	37	180	74	144	106	62	150	93	63	65	73	81	138	304	111	268	235	276	160	99	38	26	77	369	283	138	614	97	330	132	130	84	4	115	23	127	149	120	168	57	214	59	61	150	108	157	89	93	125	71	18	35	45	152	66	110	227	107	119	56	92	49	161	70	47	242	139	225	101	103	77	65	103	126	108	164	172	153	750	246	129	224	90	125	217	165	105	143	115	71	60	76	170	75	115	56	206	170	51	84	173	138	206	121	30	237	107	221	156	156	60	82	390	183	252	39	62	300	82	184	44	73	88	93	38	185	194	392	237	134	154	105	122	190	96	249	243	106	163	178	95	136	188
RAP1B	5387	5983	6290	5091	7895	4584	4447	5102	7625	6283	6955	5452	4885	13735	5008	7265	5457	5870	12181	6650	4901	5578	8129	6832	7058	5793	5394	3510	3527	4353	4407	5336	5500	6618	10139	11867	4220	4574	5229	4029	9559	9746	6052	4259	4660	14127	5420	10139	7797	11127	6993	7229	5780	4019	9660	7705	5738	7251	11152	5154	8950	3948	11963	11812	6775	6200	4784	5884	5788	6206	8227	8623	7038	7782	8273	4201	6749	4378	4540	7853	3706	2832	5141	5821	7817	8067	3529	8881	5949	4476	5638	2535	3938	6947	4916	8351	6760	2937	5743	4861	4228	5178	5289	14234	3345	4183	9222	7362	8503	6142	4398	5471	8158	7026	5471	4121	1912	4620	5548	6551	6196	7996	10630	32491	4825	4755	4978	59827	8249	3964	5110	6832	11115	6513	7417	3939	6407	11424	8881	5646	7985	7827	4916	5793	7145	6123	4049	4231	5517	2650	7822	5878	5853	5915	7635	4116
PGK1	57641	24658	29916	19308	42145	33343	54262	19832	45323	40896	33518	44944	10512	36904	12348	46902	16836	33162	43122	19033	76414	10587	23418	46902	37880	33885	22040	17320	44555	15070	33885	19733	25510	23125	37880	33162	47726	32491	18594	9729	70705	11771	22837	11489	28763	29388	22502	56908	40896	10996	42145	20337	14752	11799	57641	41507	37880	47726	20830	47300	37880	21847	85491	34893	18763	44191	13153	63163	39456	37620	95999	51499	25790	37119	20720	17283	23418	33709	29519	60609	12504	44555	35544	23712	27083	25510	21475	42145	49588	25790	16290	42808	30736	20132	59085	28525	38372	95999	22565	21847	16351	36904	21976	34494	11812	41830	29793	18027	30465	32157	25603	24492	27831	26371	19446	19733	8101	36669	12747	24658	24658	48173	28409	30736	19075	25790	41507	17761	35544	23787	34494	34893	21598	23787	34893	19166	28763	33709	42145	36210	25510	23712	21598	60609	67273	23125	29388	50530	32651	33343	31507	32832	32998	30601	56908	32998
LOC407835	605	408	711	156	448	448	563	437	443	513	532	364	464	737	576	514	576	381	464	414	478	396	362	402	437	644	557	650	352	414	758	612	591	309	582	745	405	503	695	410	846	618	628	270	435	331	325	411	431	527	617	802	321	508	456	535	627	485	191	440	534	736	671	584	340	355	390	685	323	491	672	402	516	587	916	203	513	692	262	298	605	680	573	429	430	457	306	444	347	498	681	696	400	466	639	613	230	493	523	521	780	526	305	602	419	440	472	403	323	521	511	319	508	633	660	580	490	369	433	486	297	438	466	476	349	253	477	319	591	513	780	839	536	464	309	281	607	466	472	430	262	270	494	806	449	493	513	538	422	841	451	337	400	615	439	416
H3F3C	481	255	483	234	341	301	345	366	250	211	578	182	503	332	292	346	418	326	364	193	316	315	271	215	243	332	324	600	281	501	326	453	272	332	492	389	217	409	259	267	374	328	388	303	355	251	183	268	227	186	280	291	290	272	250	301	325	290	374	151	269	389	657	738	136	154	315	242	362	228	237	498	581	291	503	225	820	414	219	183	215	283	488	508	187	331	166	363	234	431	457	318	503	182	268	261	232	324	266	224	427	370	333	745	314	155	152	220	294	312	439	413	167	344	299	210	175	148	139	321	269	163	150	241	447	135	443	161	355	219	529	402	445	227	174	175	462	202	507	362	204	597	324	197	308	331	249	152	536	254	385	187	385	260	300	294
ATP6V1C2	349	162	244	281	307	209	205	188	179	209	339	134	235	344	103	242	455	188	161	131	211	107	192	266	121	253	304	393	105	189	288	199	234	159	205	181	183	134	203	119	623	509	231	115	125	439	135	299	352	180	383	309	56	134	384	211	287	221	276	164	334	199	488	302	131	79	139	151	175	259	208	237	427	377	425	151	236	292	128	230	144	176	208	387	77	165	69	189	282	489	306	225	251	223	239	194	267	143	169	165	163	367	210	186	104	132	200	142	193	237	186	143	195	189	180	238	121	59	145	300	92	133	233	207	254	115	271	325	231	111	300	181	402	185	264	95	118	231	239	233	176	141	174	267	349	178	145	123	169	124	503	95	258	217	130	176
RPL23P8	34	12	44	21	19	27	24	33	0	24	33	11	40	55	12	14	17	17	34	9	11	26	16	8	11	13	23	150	16	26	32	33	23	26	35	50	1	35	10	13	56	74	11	21	8	48	9	15	31	26	25	19	16	16	21	21	88	41	52	20	28	55	42	33	13	9	8	28	5	16	23	21	61	30	46	6	36	32	17	13	8	6	61	28	6	29	5	29	21	17	14	21	14	9	23	25	16	25	8	6	39	40	25	45	29	11	7	14	9	14	60	23	16	13	23	18	18	13	11	16	7	3	16	40	31	9	27	13	53	13	24	25	54	34	11	6	14	20	26	28	12	21	16	32	25	10	8	8	16	29	36	5	30	15	10	17
SNRPD2	4449	9460	7403	5012	7548	6686	8491	7385	12489	8553	2835	6794	6881	13695	9617	7087	7141	7309	17007	7431	4490	6154	7477	8261	9500	8435	6924	11346	9246	5674	8591	11043	7417	5121	20282	19879	4836	5992	11140	4982	21539	8180	8874	4120	3909	21910	5389	19587	5867	11399	8915	14390	6212	3612	10961	7412	12363	9551	7605	7880	9526	4910	21239	24571	9044	9140	5720	12393	4862	5396	8516	11949	12225	10704	18635	7895	9485	5553	4786	10469	2709	10054	5725	8649	6037	13100	3631	6120	6268	8846	6283	3382	4154	12504	5775	8777	5307	9625	4620	6354	4123	6579	3969	13917	4648	7112	13100	7905	9943	5195	10408	5081	11464	21539	10793	6625	6779	5471	3527	14456	7270	13244	7674	9559	4658	8509	6978	5906	19784	4782	8516	13959	8846	7435	8881	6632	6813	14255	8460	9000	5966	3223	5818	16804	7869	4710	6102	4939	5366	4279	8417	8393	7539	7620	7699	6548
C19orf10	4277	3553	3789	1915	6738	2949	4552	3990	5538	4529	4076	2656	3080	6037	4187	4932	4587	3520	6414	2690	2823	2551	4262	5671	3313	3949	4075	2817	2179	2624	4123	3565	4859	2822	8291	7362	3389	3860	4073	2160	9253	4272	4199	2311	2791	10198	2631	6881	4113	4781	8369	5415	2543	2076	10566	4630	5314	5040	4163	4814	4908	3369	7827	10345	2815	3873	2917	4103	3862	3360	3720	4139	5065	5788	6344	3150	4760	4037	1929	7141	2863	4196	4757	4301	3784	4204	2079	6032	2866	3307	4414	2858	2136	3397	2646	4874	3201	3040	3390	2613	4158	3929	2964	5517	1772	2408	4056	4084	4984	4490	3975	3100	4819	4958	4281	3125	2379	3097	2884	5361	2163	4486	5165	3093	2988	2468	3527	2597	6444	3238	4724	5343	5524	3233	5077	1278	4812	4370	5106	3101	1635	2902	3048	6572	4212	4003	2710	2242	3522	3951	7985	3157	3163	3807	3813	2948
C2orf28	8709	8034	4191	7720	10139	4521	4550	4658	8309	6955	5561	3656	5030	11529	4287	10276	6541	4629	8630	4782	4421	3738	6621	5287	6145	5292	5346	4289	2046	3982	4415	4608	5810	5483	10858	10651	4143	3613	6331	2967	10926	9155	4905	5060	2998	19166	5254	13856	5862	7178	7162	7300	4400	3522	7539	3746	4768	7038	6190	5274	7009	7358	7664	18305	5272	4557	4039	6492	4960	4004	5364	10408	9215	7199	11335	3875	5756	4695	6503	8860	3470	4204	4569	6657	4629	8867	2262	5859	5815	6331	6897	2135	3878	5581	3481	6299	5401	4576	3127	3578	3669	6246	4428	9074	2877	4840	6843	5429	7331	3731	5459	4680	7022	7937	6924	3452	4325	3874	5983	7017	5705	7318	5664	3873	3486	3863	5541	4134	10036	2923	6897	6603	5725	4849	6126	3534	5254	8497	9215	7674	3159	4160	4486	7730	6344	6331	2607	4636	4577	3628	9331	5123	4646	4025	4481	3274
C7orf68	10168	858	1275	2433	1342	3269	3242	535	1438	1387	7679	2441	578	6650	1379	11542	663	4726	11677	3013	4762	461	368	1567	3162	3234	1116	1548	3601	583	1190	582	854	1206	2165	2931	1320	1502	1047	449	10315	887	1746	529	2827	3939	3078	3415	2635	361	1826	490	520	599	5932	4577	2206	8479	1421	1927	2615	867	6034	11043	1047	1447	561	8572	1401	4882	4231	23640	3082	2136	1062	1018	3384	1706	3282	7620	476	3750	9162	1784	2450	585	665	2797	8703	2584	578	1471	4613	1205	3148	6388	3093	5002	719	1203	535	6657	3328	3407	479	5921	1765	736	842	5429	1257	2574	2046	1042	469	1867	655	1847	885	1366	2748	15225	622	3878	540	1372	1851	1132	2210	588	1343	1962	1205	2885	1541	462	1907	7038	4254	5526	927	1329	1706	1569	8888	1586	1622	6243	2259	1338	2640	10188	9420	745	6243	1478
GUSBL1	11	10	2	4	8	14	10	28	11	16	2	11	32	29	9	17	27	11	11	8	12	6	8	7	4	6	36	38	13	12	38	19	19	8	6	17	12	21	12	46	68	17	26	9	5	4	6	20	8	11	12	10	12	20	1	8	5	18	6	16	2	39	13	6	4	9	9	19	2	17	32	25	18	15	36	39	6	10	7	3	13	13	17	8	2	4	2	5	16	29	32	42	20	6	22	17	16	20	3	6	19	37	10	6	14	13	2	16	3	15	18	23	11	26	17	15	25	6	22	24	9	6	6	13	11	11	19	10	44	8	67	18	6	8	14	22	12	5	5	12	20	27	8	10	19	18	8	12	11	30	13	7	16	10	4	14
POLR2L	5403	4926	3637	3231	7265	3687	2854	2679	6909	4928	3987	3700	4697	10469	3260	5171	5006	3636	8169	4559	2962	3171	4259	4829	4072	4109	5303	2908	2841	3807	3656	2924	4359	5707	5918	8084	3987	1952	4864	1031	8249	1624	4586	3503	1929	16445	3694	13409	5238	5232	6947	4834	3541	1928	6052	4186	2088	6009	5593	2927	6741	1601	7615	11372	6551	4508	3220	3159	4338	4920	5422	5571	10815	6096	16290	3897	5821	2672	3678	8398	3519	3044	3467	6912	5986	10237	2920	6076	2249	5343	4140	1393	2604	5020	4960	5006	3944	3398	2997	3743	4481	5008	3835	8163	1694	2292	5618	4801	8204	3184	5238	2629	5918	4521	5717	3177	1391	3041	4882	4872	4060	6163	5020	4184	5036	2690	2070	2323	9738	3847	4465	5424	3142	4810	6055	2816	4425	6610	5278	4751	3679	3848	2819	5024	4364	4523	3023	4368	3312	2011	6218	4970	4274	3332	3940	3650
TMEM49	5485	7216	3991	5026	5986	6099	4832	4692	7848	5249	6646	6067	5188	8169	4552	9155	3424	11175	9880	5431	3346	4222	5060	8040	6169	6753	4830	3812	4596	4459	3818	4859	4577	5214	9468	6203	7054	5287	5368	2676	8503	5332	5692	3826	5531	8894	3885	9634	7124	3559	4830	5543	2679	3037	9509	8380	5940	5175	6771	5553	6809	4084	9363	10018	4358	6111	3706	6271	8441	4316	5219	11637	5807	7225	7463	5328	4731	4849	4608	11771	2808	5203	4899	6102	4704	4697	3375	7340	8096	6003	6302	4220	4920	6870	5514	6516	10630	6660	5323	5079	4945	4536	4855	6398	2852	3623	6802	4164	10149	4476	3900	7833	6454	6881	3205	4651	2800	5143	4887	8663	4137	8798	6043	6325	4395	4254	4980	9625	11894	4455	6076	6951	5581	4680	10036	2634	5032	9284	8441	5466	3257	6431	4200	7314	8441	5238	6175	3279	6690	2708	7735	7720	6657	5960	9773	5856
TRAM1	9412	13876	8267	9008	11949	9493	9420	10771	13616	12945	12618	9323	8441	13030	7305	12910	12520	12063	14614	10306	7490	6816	16770	12683	9380	13597	6874	6985	10083	9284	10491	8267	10938	9781	16836	10673	10027	6287	13225	5756	14234	25510	11451	12409	7900	13577	13117	10469	11555	10858	14849	11115	9824	6603	15020	11785	12699	13999	12910	10325	12288	6523	8279	15329	8744	6209	6407	7505	11690	11812	10276	12348	15601	12348	12167	7079	11248	7225	12699	12181	9526	8174	11175	13755	10092	11880	5240	11582	7543	8315	11529	5098	8696	9979	7963	15173	12585	9277	8784	9493	7900	10256	10266	16577	4238	4972	7900	12303	10825	11650	8971	11212	10879	11359	12910	8922	5826	9052	10782	9284	8929	11372	10996	7116	7730	9118	8716	4000	9126	13755	8152	9331	20282	12093	12167	8405	11977	9445	14523	11502	9476	12288	10891	9044	12634	7921	6061	9729	10237	4757	10502	10064	7911	12878	10738	7063
TNRC6C	1370	1100	1500	1831	314	1556	1103	1561	1021	493	1500	1846	2071	420	1236	915	1475	1515	422	1384	1090	2685	1389	869	1559	917	1239	927	1051	1582	1295	1658	1198	1836	445	439	1890	2863	839	3351	402	1742	1151	1495	2708	361	1522	367	695	1334	462	847	1545	2212	398	863	1348	845	945	1251	511	2468	600	286	1144	1231	1289	964	1511	1441	621	1055	505	702	444	3833	1223	1230	2257	534	1923	1339	1558	1239	1003	923	2117	613	1539	1320	1954	3502	1992	1250	867	452	1134	2027	1321	2098	1711	1207	1457	733	2442	2104	1078	1468	890	1576	1112	1701	732	1954	1106	1550	2135	1250	1456	800	1285	1066	274	1339	1343	1418	1593	2248	422	1728	1692	693	1092	1173	1150	1582	1308	697	658	993	827	1380	1900	1430	997	1275	1622	1352	1137	2359	799	1503	1084	1110	1434	1991
KDELR3	497	258	297	256	626	353	440	217	255	1172	408	129	397	674	127	623	996	393	509	174	336	75	882	1192	117	546	974	2366	209	94	533	128	790	212	889	404	983	129	370	21	1398	4906	315	152	94	1275	94	286	470	350	5556	246	80	36	3401	303	289	720	1177	300	681	150	978	866	89	142	96	92	377	793	635	323	1545	1304	187	210	234	139	115	2454	134	170	232	433	475	179	192	544	320	453	295	72	365	269	517	501	402	155	702	98	71	676	324	205	62	41	169	399	363	263	233	178	570	215	833	300	27	263	254	186	106	134	6312	122	188	109	188	227	170	611	198	192	4644	726	775	29	475	241	544	257	1113	360	94	121	361	247	120	299	290	63	484	129	144	496	271	323
GGH	2636	1432	1330	1412	1313	1481	1510	910	2412	1277	1546	1649	2377	2245	2548	3587	2265	1580	2683	2181	1655	968	5287	2260	2708	1842	2299	1008	2075	1945	2130	1282	2191	881	6489	3507	1920	1127	2656	1655	5725	2079	1046	1041	873	3160	2169	6708	1153	2845	2784	3293	2498	1026	5512	1038	5318	2031	2725	3648	3464	1895	2316	5831	1752	2065	1300	4986	1346	1534	1887	1393	3205	2933	5343	1898	2952	2224	1315	2900	1413	2714	943	1676	1041	3466	1070	1134	2573	2023	2476	1462	1522	1603	1959	1326	815	1895	1526	1207	1368	1559	936	1857	512	2281	3607	2731	2384	1605	3608	1116	3033	2651	1286	1958	1515	1388	2374	5129	1965	3915	1826	2336	1763	2195	1401	2929	3918	2307	2230	3188	1712	3584	1737	992	1745	4485	729	1067	2862	783	1166	6351	1630	1328	1297	1311	857	1997	2107	2459	1933	831	1407	1273
PTX3	2255	861	3239	627	5208	1276	1536	1035	346	232	16351	4299	630	4793	756	957	514	4312	2597	601	443	60	639	4375	286	5842	688	285	1331	826	1774	77	727	3350	435	1563	988	188	715	132	1653	515	3896	188	1186	3050	612	1078	5793	1595	1388	1297	221	64	7195	11224	626	3171	6723	2041	3498	454	21002	2311	49	772	356	433	2142	5504	852	4488	1465	1569	617	161	704	277	119	1505	482	676	8535	3561	3255	76	941	26771	1458	2047	9238	83	3034	972	335	12272	8448	292	542	533	183	988	942	5568	77	284	281	872	4210	6046	228	1803	639	1167	659	1401	728	1715	56	381	558	3391	525	625	1129	760	1387	413	139	1051	1126	724	422	6014	2624	54	2354	1849	4062	249	478	1245	2006	201	6764	3123	513	167	1800	386	1198	3783	1646	2627	1574	1895
LOC541471	1458	811	480	1232	2315	1116	971	942	3523	944	1013	894	1717	1640	880	3756	939	1701	1678	755	776	233	363	1629	1576	1370	2154	984	791	445	1610	540	1773	1047	3238	1613	658	830	1169	75	3577	351	1454	132	1264	5303	317	2730	5232	784	3212	1555	158	109	2136	2623	694	1255	448	1295	1814	302	5892	4662	714	1635	316	618	968	1143	1285	1952	1957	1499	1012	831	1706	640	223	2744	274	609	955	1778	704	293	727	1159	807	1584	593	316	1311	1634	975	1549	3490	289	1743	831	202	1805	885	1383	99	103	1659	796	1057	1834	1469	721	3688	2188	1513	1137	215	1060	198	1481	358	808	1608	1086	1227	347	611	788	1901	324	2350	1742	1155	545	1903	155	1956	5032	688	906	557	673	377	2445	2385	959	826	491	919	529	1453	605	539	1828	579	4511
CALU	19446	14637	20555	8198	15741	14568	11079	8363	15122	30324	25975	14040	10554	12107	7985	15045	22103	14872	12812	11704	31507	6749	21002	36210	14501	21786	18893	36669	17536	14920	20947	16609	116989	10630	14127	15684	21002	7022	22702	4739	14614	23712	13083	15252	10825	13262	12195	9695	17498	12256	72018	12020	7900	7426	31829	15148	10027	20178	12107	19166	13299	8915	19075	12796	6136	7761	8357	8423	16111	20132	28409	23199	15382	18184	20830	6230	15571	12136	8860	27496	15489	14479	14920	16836	9262	6657	9773	12568	18107	15628	16609	13959	15437	11346	31507	19684	24658	14127	14895	10480	8901	16382	20830	11346	7358	12668	12601	12668	16609	14824	16259	18675	14189	14800	18807	17177	13939	10449	8261	11055	12457	19975	54262	16445	14545	11812	9961	9643	7132	13735	13735	10760	32998	10418	14729	9651	21847	12363	12779	14800	21718	13135	8180	11140	18807	10858	7463	25331	11273	9162	18266	19635	10418	14278	15329	9677
EDEM2	2276	2125	1466	1258	2962	1079	1314	1745	1861	2623	1776	1032	1255	3449	1092	3482	1918	1500	3620	1345	1056	1259	2205	1742	1443	2510	1339	1172	1201	1466	1240	1442	1979	2100	3308	2849	2084	1064	2587	1291	3910	1240	2409	1221	1056	3354	1156	3467	1813	1187	2310	2017	1142	849	3801	2362	1292	2402	1975	1668	1990	1305	2786	3320	1518	1430	1311	2766	1352	1505	2065	2314	3746	2564	2412	867	1252	1431	1600	3158	1057	1476	1627	2895	2004	1735	678	3294	1066	2511	2437	758	1314	1650	1815	3065	2676	1843	1105	1541	1287	1681	1615	2905	985	1098	1757	1873	2508	1321	1345	1370	2068	1369	1876	1405	917	1315	1673	2009	1352	2372	1670	1342	930	1585	1257	1049	3868	1101	2257	1520	1538	1612	1971	565	1526	2374	2914	1759	1076	1321	1246	2844	2058	2500	944	1147	2007	1420	2452	1737	1257	1916	1753	1336
IFNGR2	2579	4966	6070	5521	6509	3433	4243	5918	6187	6786	6824	4688	2839	7625	3644	6451	3807	5346	6697	4047	3120	4119	6067	7335	3744	5368	6230	6371	3337	5141	4431	3578	4322	5608	7937	7174	5254	4143	4976	3455	8454	3606	6738	3434	3699	9200	4302	5403	5608	2626	9126	6299	3606	2151	6492	5725	4976	7519	6108	3228	5957	1734	9591	10438	3915	4203	4113	4070	3757	4577	4982	7013	7900	4411	4982	5469	4503	2202	2940	9617	2710	4129	6255	7344	6496	3758	2351	9118	4717	4958	5466	4630	3712	3222	3323	6154	6108	2705	4238	3463	3291	4918	5519	6632	1740	3643	5777	5096	6990	6428	3369	4124	5500	5305	5197	3961	3396	5040	2974	6642	3315	6870	11516	4376	4238	3378	6809	4389	6371	3364	6108	6154	6302	5534	5087	2012	4953	7009	6157	3001	4594	5343	3469	4398	7481	4782	3826	2971	5889	3772	8084	6306	4147	4939	5699	4674
ARF4	12747	17213	14061	18386	13335	13896	24906	8572	13153	20664	7340	16201	10973	13896	10418	9396	6993	12078	17426	12504	8805	10858	11991	18146	13636	15799	13465	22837	13262	10619	9074	17246	11991	12020	16512	11437	24100	9695	15712	7674	15096	15020	10168	14895	9485	13597	12409	18146	12363	13280	21910	10891	13735	9081	18635	13048	15096	14255	9686	15278	14434	18936	19832	18936	11346	14434	10804	12348	11199	14147	15684	15437	16938	15173	13117	15437	17574	14255	12829	27186	8812	12318	7639	12846	12731	16445	9952	11175	15996	11785	9347	10598	8393	12763	10149	13135	12457	22980	12980	9437	13774	11758	9517	12241	7038	10018	14776	11043	14020	10459	37119	15656	15437	14147	10815	9096	8744	11704	5447	17574	11555	18386	28057	15437	12063	14591	12585	14824	16938	16609	10266	12829	10973	10306	16738	10566	13427	15628	8663	14637	10949	14568	7486	11744	14061	20947	10365	13979	9888	10938	9634	17652	9177	11103	14367	14189
CAPZA1	6723	7344	8291	9729	8380	5004	6726	5223	6760	9437	7771	6657	5561	9746	4549	7323	6142	6026	7974	5394	6200	5251	8393	8690	7529	7314	6283	10903	6809	7403	5608	6136	5366	7885	11690	9437	10008	6178	6468	6319	7694	12333	6723	5679	6756	6878	5884	6997	8535	6701	8129	6576	4210	5357	9428	10054	7358	7108	9428	5793	9583	5098	8566	8642	8297	6105	6805	5077	6537	6309	9277	8051	5826	8232	7120	6978	8013	4949	5100	11424	4646	5417	6951	7782	9126	5382	4951	10949	6596	5461	5561	5141	3117	6835	5184	8411	7751	4868	8267	5534	5926	7572	7833	6943	3534	4706	7174	4603	8663	6040	5715	6893	7112	6562	8062	5864	3268	6407	4193	8479	7174	8255	15304	8018	6816	6705	4615	5127	6843	5436	6496	7225	8107	8812	8227	4912	7403	7710	8798	3997	8578	6768	4764	6227	7792	7931	4425	7838	7079	3614	8832	7009	8101	6361	8018	5859
TMEM106C	6993	5394	7591	4013	6212	4868	3278	1635	6813	3896	5044	3567	3999	12256	4604	10836	8971	4721	9067	4728	7283	2494	10469	4086	4137	3365	5392	1587	4179	3711	2977	3800	3641	3634	8791	6932	6802	2080	4717	1335	4870	3101	2630	4204	3058	13695	7314	20610	3802	5309	5117	3331	7399	2085	4498	1964	4421	4355	9807	3091	7853	2502	4706	10544	4711	6331	3648	4063	2403	4582	13959	3535	8950	3385	10092	3042	5952	3427	6102	7367	4901	3368	1833	4462	3220	9037	2294	3008	2750	4035	5178	2591	2748	3977	11920	3217	3973	2460	2545	1915	4012	5710	2985	8285	1047	2998	6454	5343	6943	1947	5692	3979	8784	4683	3781	2120	2040	2842	6928	6506	14299	13876	4322	3065	2920	7067	3951	2481	10315	3500	3630	4825	2044	7669	4699	4897	3033	6224	5762	6411	20664	7124	1666	8491	2884	6775	2100	3999	5618	1015	4016	8018	5529	2326	5949	2910
CLIC1	7514	8874	11555	12779	18983	10375	7362	8417	14412	14061	16577	11298	5796	14920	7543	16231	10018	13391	21976	6374	9404	7407	13048	19684	10566	14061	12829	11704	16804	7166	10218	1797	11894	16025	18675	15769	16512	5094	10598	2536	16938	12393	14849	7710	4608	26668	8045	21361	17536	6847	20282	14776	8303	3366	23272	14367	5573	16544	11067	7500	17177	2505	29388	22502	10335	6565	8375	8315	7787	11977	17142	22167	18347	15684	18347	4704	10054	6064	4962	21120	5889	7615	12651	13048	11920	7630	4587	16142	12862	10073	8279	1786	8327	11079	10926	16201	16938	3707	8798	7812	3644	13335	10306	14752	1499	4011	9660	10386	13636	12945	6196	6334	15096	12928	9870	9686	2962	8285	8398	12634	11273	13655	16904	5373	9277	7013	10408	6012	9566	6058	14456	12474	13715	13335	17652	4348	12618	12862	23048	12668	10256	7756	7558	22167	16478	12894	8853	9059	12348	4209	20388	9096	12333	11839	9651	10651
VEGFA	50052	6391	10587	16111	11359	36904	47726	25603	33709	5900	57641	73490	14255	10641	7635	35544	3657	56908	8454	10054	39174	1350	1366	35104	24658	31657	6302	3818	56908	2402	29251	8215	19120	5837	6569	15996	26273	25251	4667	1205	32832	2884	9897	2821	16870	7340	10083	23787	31189	3652	12181	2501	7390	2210	17462	29519	9044	31829	12894	18224	8860	10858	24906	11008	1908	4259	1811	22980	18470	28525	36669	78010	3931	21910	1144	52554	33709	9388	27286	34494	3112	49588	52554	14061	4722	479	12363	5636	70705	32491	8791	122791	42480	12121	21718	14849	51003	60609	18184	29388	1568	43122	22040	8771	2905	67273	5330	4392	10018	47300	17041	29251	5352	19784	9906	74973	1266	13189	1844	4355	11152	46902	3107	44191	6351	30889	40896	27831	1333	6492	29005	10355	1252	8244	24410	10771	15070	27390	32157	23347	2771	7771	17954	12225	85491	8957	12409	41830	24018	22502	17007	56217	67273	27083	46491	27186
TARSL2	935	419	496	330	514	659	1208	851	215	683	777	376	731	276	443	645	1018	1151	613	417	555	900	348	369	378	466	481	1225	472	635	473	908	746	923	273	361	236	819	401	526	656	681	562	764	1059	191	820	387	489	618	669	445	672	1284	439	507	775	485	399	560	281	1192	287	140	1090	737	783	588	856	669	368	699	638	423	502	832	1070	689	913	383	635	577	750	763	1069	818	1665	724	540	751	772	1358	880	841	331	451	1000	952	431	814	708	462	545	489	1815	440	723	610	685	670	608	1042	519	698	488	464	1218	1101	1005	415	704	398	567	679	691	507	770	590	120	787	580	367	631	486	660	1093	617	317	701	743	344	585	1286	421	788	380	791	386	440	655	523	513	999	552	637	511
AP2S1	2287	4438	5065	2974	6129	3449	4937	3785	5818	5251	3081	3473	3284	7725	4615	4108	5056	3826	7751	4667	3848	3974	6520	4662	5048	4500	4063	3072	3496	3503	4545	3781	4179	2603	7699	8398	3643	3385	5010	1946	7948	6096	4766	2813	3284	10973	3560	8881	3916	5452	5692	6650	3269	2860	6014	5102	5368	5799	5556	4342	6424	2702	8964	12945	5845	6271	3174	5546	3617	3296	5276	4232	5889	5738	8535	4245	5382	3223	2432	6424	1993	4506	5341	4130	5859	5743	3114	6424	3184	4060	2828	2313	2917	4591	4753	4395	3477	3892	4529	3304	2899	4102	2992	6458	2699	3076	5864	3967	6009	3754	5674	2986	6943	5543	4318	3962	2983	4657	2183	6650	3449	5190	5870	4964	3456	4293	3680	2965	8345	3516	3864	6414	7260	5966	4819	2134	4215	6268	4606	4182	5364	2454	2781	6157	3509	4025	3358	2816	4386	1947	5422	3558	4984	4054	4472	4203
UPF2	1032	896	1324	757	832	1026	1095	1090	737	721	948	976	1384	520	963	609	1329	970	608	854	1821	1284	1595	688	791	921	1110	1642	860	1184	1035	1061	1113	1082	451	726	1254	1562	872	1780	392	2377	903	998	1517	269	978	301	924	748	931	987	1428	1966	859	889	1303	689	988	1127	546	1877	479	229	1258	783	921	545	1021	1170	1000	625	646	619	616	900	919	1315	1222	887	1314	656	1221	1023	930	740	1757	953	1309	956	1200	1591	1342	1128	1558	669	869	387	1000	1039	1242	999	955	743	2108	657	714	1079	744	878	642	1026	768	911	992	1564	1565	1271	1014	735	643	616	1035	943	842	904	1193	624	303	1045	696	410	1626	716	914	1412	959	338	970	818	1412	1167	858	856	835	1283	1299	1107	1113	1739	864	771	747	1113	802	874
CKLF	1754	2104	1255	1962	2304	1140	1062	922	2004	1859	1074	915	1358	2526	1535	2824	1688	1389	3285	1184	976	889	1783	1171	1408	1061	1151	719	1429	1348	1009	1061	1267	1064	4893	3347	1108	1131	1176	1203	2308	2020	1373	1166	796	4040	879	5541	982	921	1959	2050	611	945	1789	1313	1639	1390	793	1749	1917	1030	2667	4817	2276	1443	1493	1684	728	1080	1905	1277	2545	1736	2409	987	1369	1073	1200	2825	922	1131	1008	2335	1059	2339	549	1866	1026	1737	996	884	850	1294	1487	1305	1290	849	1023	840	969	1546	1124	1854	567	324	2108	1092	1959	921	1667	909	2417	1861	1180	959	1158	1132	723	2292	1561	1864	2225	1140	1135	1442	1057	835	3356	1034	2046	1975	786	1311	1559	943	1256	2845	1912	2183	1399	1194	1072	2564	1710	1252	908	1224	1043	1120	1474	1007	1204	921	1409	1138
WBP11P1	3	1	5	0	3	5	5	2	9	6	3	2	3	1	1	3	11	1	1	3	5	1	4	3	1	11	7	6	1	2	9	5	3	2	4	11	1	0	5	4	1	0	7	1	2	1	4	1	3	3	2	4	3	9	1	4	2	5	1	5	16	4	9	1	0	0	1	1	0	8	2	4	9	8	5	4	3	2	3	1	2	6	3	4	0	3	2	3	3	4	5	5	6	1	3	1	1	4	4	2	5	12	1	6	3	4	0	0	0	7	6	0	4	1	5	1	6	1	4	2	2	2	1	1	1	2	5	2	3	1	1	3	0	5	0	1	1	0	2	13	6	6	0	1	6	3	3	2	2	15	1	2	2	1	1	1
C5orf62	4891	2871	3481	1176	12256	4296	4674	5881	11127	7524	5492	2549	1959	8535	3716	7833	1917	2326	7812	2749	2062	1721	5481	6334	1254	4075	5485	547	2410	1388	5380	534	4336	4777	4324	8357	3187	1340	3381	596	20027	1939	3643	558	1392	12796	2348	7766	7558	2154	6374	9781	2736	708	13100	4928	1537	7463	5669	7300	4077	1309	11224	10891	1392	1917	1692	4528	3208	4356	9323	6461	4031	3052	4976	1663	3191	1367	2319	10397	1101	3035	7296	4901	3612	2706	1410	8559	4319	2644	999	1230	5210	1920	1041	8503	7229	1509	2077	1133	1431	9339	2848	3876	517	2445	1683	2141	8327	4105	1384	2129	4076	1764	4005	3335	1162	3482	2745	1891	754	3535	5954	1154	1226	1435	7467	2027	2856	1384	6218	4895	2753	1964	3677	361	2967	6901	7417	4299	1168	7730	2849	6265	11609	2523	6771	1279	6142	1230	9081	2841	2445	4524	2787	3087
RAB32	1458	1835	948	567	1608	296	658	1175	1981	1493	977	460	739	3873	617	1124	647	711	2797	925	1841	390	1434	2066	727	1231	507	1708	852	1168	571	1483	1346	1761	4401	2639	1125	458	1157	461	3958	5556	1158	1393	402	5837	1369	6441	1830	1188	1932	2388	569	386	4378	1543	516	888	1082	836	2254	667	2464	6012	1860	686	516	786	1136	459	1389	1488	1576	1234	1923	288	2037	1137	418	3028	453	596	1541	779	2133	1766	383	2434	995	571	531	186	435	1869	2016	1844	1152	338	1495	799	337	1425	1078	2386	371	297	2024	827	2383	1435	520	687	1335	3529	1633	805	568	1334	320	878	1092	574	3127	572	474	1061	586	105	4678	403	1063	1384	1388	1477	1106	538	1401	1783	2230	1068	864	767	793	2542	1754	1140	624	1122	1249	646	887	348	1615	945	1580	541
GPX7	1628	1041	972	691	1200	700	1468	942	1127	677	1308	612	1169	1802	1044	2513	1115	1000	1006	1111	657	665	897	1238	722	1060	1423	10073	1273	933	1249	493	1460	571	2892	2748	899	838	1125	762	3008	6920	1076	746	695	3183	1056	3039	888	1719	1670	1662	479	507	1440	783	1895	1089	820	1225	2204	1667	2599	3190	550	685	789	1336	795	1017	810	1756	1839	1547	4322	1175	1637	2574	751	1628	707	946	641	1686	648	1361	358	1042	1091	1212	838	640	486	730	609	1475	1016	723	760	587	775	1899	778	1504	484	662	1593	723	1187	1328	1464	789	1782	2012	1384	827	993	484	1087	1967	564	1806	1423	1162	786	1097	1122	1072	2262	817	1188	1818	1855	1410	958	994	1077	1670	1274	1143	2258	889	786	1659	1307	690	619	746	725	904	1692	1231	1848	791	1160	889
PCOLCE	2250	4623	1165	3074	12945	1235	2223	1335	3962	1680	2237	2218	1583	1684	972	5926	886	1818	4804	1986	960	280	32326	13170	1580	3274	2096	59827	2545	2395	14591	1775	5728	898	1882	1555	6509	1168	1648	298	1054	27286	1823	496	1700	2501	386	1097	2844	596	58376	1645	1365	354	30056	3085	2183	3285	8479	1161	5656	1044	5350	4579	300	1120	530	917	1926	1412	862	6200	1345	13735	1377	986	912	1295	753	2339	1588	2040	1229	2004	1960	518	1327	7234	1700	1702	740	600	1681	1471	704	5507	3165	1030	7776	799	612	3451	1702	1066	232	759	1631	1439	4467	1788	1278	6132	5697	4067	2371	2168	1043	1768	431	2209	1848	3511	62267	2449	1308	912	1609	1844	1832	4373	1581	2147	78010	2110	4513	776	5751	3141	571	824	2577	764	477	1225	9089	1226	632	1155	2940	704	2352	3068	965	2059	4044	2826
ZNF33A	611	821	917	916	721	753	803	1266	775	686	723	947	845	517	738	469	716	905	875	729	1206	900	1334	620	603	643	500	3225	818	1312	658	661	865	1006	454	773	1278	1378	601	1895	394	2154	781	734	1093	408	702	358	627	876	444	788	931	1604	951	793	1258	524	957	687	493	1198	389	380	1126	966	793	633	853	712	1014	633	564	613	577	1017	659	1247	932	719	963	681	1056	657	709	833	1365	822	951	709	1031	1215	691	860	906	734	528	634	949	1066	841	572	867	916	1807	595	690	1170	964	931	631	935	627	921	802	942	1180	986	733	604	812	647	1302	730	925	1001	728	1002	683	959	837	455	896	798	778	1672	740	632	714	722	1163	909	1002	1106	752	720	733	1204	883	926	559	716	856	1021	801	772
ANKRD26	475	131	261	352	239	318	166	299	179	189	243	234	613	78	150	195	277	258	84	191	551	251	478	139	167	231	345	455	279	240	288	357	273	228	86	179	294	354	209	579	120	600	248	258	375	106	278	113	300	287	233	265	199	707	176	114	338	160	312	240	93	605	107	69	216	130	135	171	318	213	304	229	235	224	153	197	189	275	258	234	375	169	236	238	146	218	439	248	411	373	281	918	257	302	572	128	215	162	189	217	223	250	339	150	714	264	128	316	209	202	138	243	231	261	311	269	347	325	293	151	239	170	341	211	268	200	363	394	168	189	271	141	501	145	235	398	218	148	127	328	549	363	219	410	135	211	265	229	206	243	226	169	281	200	221	316
DYNC1H1	25697	8791	16904	17536	9897	22702	12779	23640	11140	10008	11529	15910	21059	6388	17689	7463	18107	11346	3220	19635	24181	23048	13715	14682	18305	19832	10111	19928	20555	17041	22299	19493	17246	17837	8387	7869	22768	21847	17426	24906	10608	21059	20500	14434	25603	10903	21658	8339	12520	16870	10149	15437	12049	31829	8839	12288	13465	13208	9396	8417	12393	13655	11717	5296	14970	10554	19493	14345	16351	21120	13030	11744	11529	15741	5546	16642	12829	16904	14255	10651	27286	20282	19446	11346	13030	5536	29660	8267	19540	15252	27286	18552	22980	14501	16142	13636	16804	22103	20664	27831	15409	17106	19879	10949	29793	17354	12520	14920	7705	20444	18305	21539	6951	20444	22369	21002	14849	16804	6978	8497	17320	9363	8578	16259	24571	27606	17007	27083	6734	24257	22436	12167	12763	18428	9559	31036	21059	6364	9798	7128	19784	15712	24257	10903	13558	12747	32157	31507	12167	24658	12195	11103	16111	21002	15996	25510
JMY	970	533	1342	1165	731	1346	1604	2695	836	626	1175	1170	1183	993	1427	741	1356	1008	527	1169	1664	1451	1153	931	1254	1187	1114	473	1596	1568	1518	1177	1636	1069	667	748	1131	2037	1140	2778	1239	929	1136	1219	1671	1020	1389	529	878	1713	565	1229	1301	2316	923	1042	1255	688	904	1219	933	2565	771	507	1176	789	1317	1177	1412	1142	1382	937	904	909	774	1523	962	1156	1033	573	1602	1287	1380	904	878	912	1479	725	1027	982	2070	2291	1346	1468	1019	1120	1004	1092	959	2039	1567	1171	1269	1040	2377	1668	933	1213	841	1493	1344	1763	542	1167	1226	1690	2406	848	978	1005	1340	749	713	1015	1285	1550	1087	1074	548	1344	1200	807	621	834	815	2162	852	713	764	1036	1588	759	1719	539	1012	866	1883	1311	1178	1450	1196	1077	1028	1475	1342	926
GUSB	2282	3557	4916	3413	6384	2908	2093	2521	4105	4899	4083	2699	2908	6764	2537	4306	7838	3097	3602	2539	5478	2250	10092	5938	1663	3168	7362	6618	4460	3235	2883	1680	2240	2412	3670	3554	7426	1740	2774	2705	4238	1207	2392	2468	1673	3410	2072	2843	2822	2712	7562	4344	2365	1386	7490	3277	2433	4577	6411	2444	3537	1350	4974	3751	3807	1924	2850	1770	3136	2489	7699	4243	3887	6043	5260	2356	3287	1029	2733	6579	4093	2405	3707	8503	2799	3005	1446	4069	2184	4058	5110	4023	4182	3629	6246	3564	3794	3254	4625	3176	1835	3416	3390	2611	1093	2114	2678	3237	7203	2624	2032	3145	3333	2741	3984	3648	3481	2323	2519	2910	5265	3395	7075	3141	2439	3299	2420	3057	2565	1526	4149	2826	6287	5536	4777	2779	4269	2909	4749	4582	8915	3082	2281	1664	6243	2605	1820	4086	4248	2099	5802	3170	3990	2552	3673	2054
SCAPER	735	377	1272	577	610	1074	994	1186	547	572	895	588	953	520	1050	973	968	963	424	902	1342	878	909	823	468	805	949	847	1569	697	1029	1141	1269	1214	392	789	518	1070	820	799	839	1094	1096	620	1532	398	1199	526	964	865	559	971	1088	1244	598	953	872	1115	344	773	801	972	350	396	1100	1420	894	1232	913	1128	1269	944	761	825	700	668	827	1500	858	626	987	961	1265	788	1035	889	1985	749	817	918	1166	1819	1338	1176	607	946	1613	1596	902	1294	710	1274	891	664	1842	864	778	902	281	1421	1022	685	584	866	779	1056	1249	1552	700	674	1226	620	419	1265	892	880	1147	564	482	881	886	990	750	871	553	1411	950	694	939	1020	660	995	1462	464	1225	389	1252	1181	691	1003	683	742	942	1045	848	1067
ZRANB1	1412	1194	1479	1299	911	1449	1751	1294	1417	1350	1258	1307	1180	891	1444	1285	1404	1405	880	1249	2299	2354	1319	1296	1508	1245	1339	2065	1294	1811	1469	1790	1278	1522	975	1069	1303	3015	1188	2404	766	3343	1179	1441	2396	569	1405	841	1304	1210	1119	1176	2096	2183	1462	1430	2203	1113	1189	1393	1091	3092	1040	551	1901	1879	1557	1576	1437	1517	1498	1130	691	1123	1107	1538	1529	2142	1684	1128	1798	1608	1520	1402	2098	1238	2863	1391	1264	1345	1471	2885	1517	1375	2081	1100	1156	2247	1626	1552	1564	1330	1336	1049	3781	1351	1314	1412	1326	1244	1601	1706	1182	1488	1267	1389	1821	2524	1465	1067	1400	1092	1322	1767	1516	1508	1730	1374	1265	1921	2403	1007	2162	1312	1006	2104	1507	1021	1064	1168	2154	1492	1615	2685	1365	1096	1657	1418	1522	1833	1170	1587	1731	1246	1921	1464
MMP11	384	553	253	226	322	275	411	268	251	126	561	291	192	691	233	419	254	274	464	197	359	74	685	1128	279	347	344	778	407	90	404	215	437	113	485	213	697	171	201	66	311	9404	265	191	2957	1195	198	154	976	26	2992	303	82	28	14682	318	372	476	256	323	863	503	355	407	36	188	157	267	439	247	345	301	411	207	259	203	428	395	168	712	43	252	473	486	117	93	117	285	242	305	235	224	386	150	206	744	1270	192	1255	116	50	569	235	286	28	147	2046	231	384	516	374	868	937	174	539	171	219	265	238	170	231	299	2116	513	154	197	220	79	187	4478	439	169	3567	252	602	105	780	490	404	340	1443	174	59	725	174	225	82	206	447	205	665	344	161	459	609	710
ZMYND11	3746	3519	2854	3684	3353	3889	3914	4457	3505	3155	3631	3435	3483	2629	4025	2879	3784	3549	2559	4644	7124	3999	6878	3071	4158	3389	3177	1509	3297	3983	3473	3718	4277	4056	2364	3500	3013	7300	3667	5512	2702	7344	3657	4532	7305	2166	4378	2324	3288	4277	2723	3390	4928	8888	2938	3607	4878	2877	2159	3279	2876	6771	2104	1709	5184	5016	4062	3845	3546	3302	4129	2748	4648	3135	3064	3261	4047	7013	3811	3307	3853	4224	3247	3587	5566	4083	6978	3796	6866	3695	3948	6768	7679	4015	4672	3629	3612	2710	3929	4897	2979	3469	4296	3580	9764	3995	3308	5081	3056	4115	3430	3783	2848	3690	3862	6782	4099	5534	3265	2474	3442	2649	2284	4201	3580	3770	3074	3612	3025	4286	4058	3894	3609	3480	3104	3542	4112	3538	2702	3453	3816	3654	4990	4080	3091	2629	4378	4166	3284	6196	3056	3217	2737	3889	3443	4569
TXNDC5	8309	5091	7596	4090	8535	5366	7699	5373	8777	6881	10608	3836	5802	7463	5206	7220	9300	7562	8723	8572	6123	4106	6753	11894	6280	8750	7050	18936	5408	8013	10449	6712	7327	4749	8163	6593	12585	4891	9284	3757	8623	28057	7371	6085	5254	6653	4581	6123	6753	4797	24492	10198	4982	3859	18851	7358	10335	8169	3653	6271	7610	6290	6468	7149	3553	5433	4105	5034	5150	6114	8812	7191	4503	6296	8078	5330	7644	7162	5192	9843	6593	5073	8584	6530	6169	3436	4415	7905	7669	7644	10576	4272	4672	4540	4889	11273	8874	6798	7178	5512	5960	6730	5301	5664	3326	5671	6148	6325	5848	8333	7358	9200	6172	8363	10903	8285	3093	4460	5028	6839	4299	8141	12829	6901	5595	6790	8186	4918	6181	9292	8908	5837	25790	7467	7314	3801	8255	5909	6357	3905	5481	3769	6394	4935	8566	4847	4949	6120	6371	5940	24410	9300	4433	6726	7170	5521
GBAS	10683	10208	6870	9185	6932	9081	4808	10825	9300	22908	8846	9133	9428	12962	13735	13676	11582	6537	12440	8522	6296	5314	12020	7067	9437	7234	15252	3305	21475	87951	85491	5536	13655	8915	12504	79719	4639	4283	10815	3665	13100	5909	9096	7505	4539	21475	6583	10630	6678	13465	6181	53630	9764	4228	4036	7635	6212	14211	6866	9677	78010	5546	8578	15939	10630	9371	61427	7812	5058	250441	9126	13755	16351	13755	11637	5651	10355	9347	8750	8013	72018	7344	6537	10027	7890	12181	5980	5728	7827	129720	5283	9103	15278	212818	8158	90375	7720	9230	6572	7735	3375	11785	11224	9600	4996	7543	7880	12333	10438	6268	7725	6230	250441	11529	869912	6897	6322	5963	7495	7974	9355	10891	3552	11650	79719	5500	5783	5892	10903	4079	6614	16025	5212	7394	95999	5764	7880	10704	6583	15382	7766	6111	7234	6169	9500	6052	35544	8737	74973	4254	7166	7705	5020	5785	5845	5223
SLAMF9	20	53	72	6	210	117	159	14	8	7	65	41	20	128	0	118	11	71	628	11	25	1	0	34	25	223	5	10	40	0	21	5	3	9	31	251	30	23	3	0	274	0	79	4	60	44	56	150	19	9	87	10	0	1	69	28	250	61	0	6	173	11	246	181	5	16	1	13	28	65	216	34	6	81	8	9	22	62	186	270	2	48	281	68	21	0	21	120	0	51	13	19	14	21	4	52	3	35	87	0	0	171	24	75	0	21	2	0	205	1	118	26	2	4	7	15	1	27	1	15	14	121	12	22	0	17	34	20	120	36	8	62	2	0	42	2	33	40	38	14	0	31	20	587	210	52	3	8	56	16	96	68	27	98	115	69
GLB1	3951	6163	5461	2627	4123	2635	3782	2304	2902	5236	2873	2364	2574	3471	2335	3960	1979	2595	5603	2796	3086	1811	5651	5071	2481	4304	4290	3647	2982	3376	3197	3113	2896	3034	3651	3151	3969	2166	4501	2143	2744	2255	2736	3577	2201	4804	2452	4711	3397	2449	6237	4398	2932	2417	6040	2862	2319	3709	4545	4951	3668	2667	4063	3961	3031	2457	2645	3127	6040	3348	5963	3432	4149	3068	3485	1677	3038	3457	3059	4690	1880	2383	3075	3839	3390	2741	1550	5469	2290	3195	4126	1977	3308	2463	4821	3871	4438	1859	3094	2562	2720	3356	3092	2965	2124	2123	3301	2753	5963	2022	4521	3040	3869	3119	3220	2354	4286	3390	1684	2899	2448	3952	4207	2800	2337	3073	3870	1994	4676	2700	2885	2813	4325	3598	4000	1956	3746	3209	2908	3979	3317	3004	2970	1984	3746	3106	1793	2310	4587	2349	5943	3609	1719	2416	4576	2046
ATP5J2	9029	7853	4151	7529	8363	6064	5036	3941	8454	15304	5906	5651	8380	14523	5197	12601	8146	4753	14995	5684	6233	6017	11031	5410	8473	5588	10938	1420	4131	6589	5245	5593	5146	8135	16673	15304	4519	4447	7318	2465	10996	2677	5810	4884	3079	36447	7426	17246	6583	11224	8056	5842	6227	3356	6255	6364	5867	10760	8894	7926	6468	3380	15799	19879	9979	9363	6394	7937	3643	5802	8764	12668	20776	9420	12796	5294	8703	5949	4362	10554	4333	5240	4322	8135	7958	15096	4238	7394	6401	7305	5850	2909	4133	9617	6916	5823	5823	8078	3849	2784	3844	7212	7079	12504	3539	5659	13999	7216	13597	5269	7625	3812	10938	14729	8784	3945	3508	5336	6184	11637	4674	15769	8084	8922	5764	3435	6252	6105	17213	2974	8107	11008	6697	6091	9600	3040	7300	14367	9566	9815	6414	6924	3667	7481	5848	6265	2624	5359	4662	3918	7664	9943	5110	4180	4728	5433
MRPS12	716	1264	1425	600	1785	1168	1308	1481	2224	2088	1225	1088	1366	2376	1860	1986	1793	1025	2908	1527	987	1132	1686	1651	1427	1790	1472	1440	1079	1056	1916	3045	1430	993	3987	3577	824	836	2136	728	4717	835	1961	866	831	5603	888	4401	1234	2354	2072	2691	984	855	2041	1492	1661	1894	1286	1606	2071	1382	4101	6414	1552	1341	976	1907	1115	1174	1317	2006	2851	2999	3635	912	1561	1886	761	1899	2884	1676	1417	1539	1497	2572	746	1662	1017	1573	1030	708	878	1995	1467	2321	1142	1312	872	1012	974	1660	766	2363	812	945	1904	2178	2566	1813	1627	872	2037	2519	2301	1437	1054	1079	1588	2384	764	2401	1677	1441	1092	1212	1105	735	4498	1191	2186	2691	2135	1410	1785	799	1700	2295	1567	2496	1368	733	1429	2755	1292	888	1508	763	1140	1239	1524	1363	1459	1361	1471	1092
NXT1	1295	693	757	1028	945	869	980	1061	951	978	827	572	1077	1842	805	2362	1125	989	2231	998	672	700	943	864	901	1235	1051	1430	1265	654	885	1349	1193	749	2142	2660	751	756	1444	624	2756	2336	1150	573	504	4407	532	3313	538	737	1236	1044	717	546	2911	965	1646	1259	682	1209	1276	1205	2355	4000	652	808	652	2093	507	990	1546	1882	2185	1654	2351	836	1198	1597	1015	1282	494	1078	755	1331	598	1364	267	733	1059	1305	1162	472	695	892	859	772	848	1120	593	809	817	1140	328	2068	470	952	1254	1254	750	699	899	708	1469	2007	969	956	770	392	810	1512	708	1578	1392	588	510	1505	1144	604	4166	759	1300	1643	1493	727	838	525	677	1479	1217	970	825	490	717	2060	1251	1051	466	828	455	1366	620	971	866	1031	864	745
SEP15	8777	21418	14682	8812	14501	10793	10544	4970	19308	17536	11152	9452	8867	15968	9833	18305	11935	12210	19928	11055	5661	7931	12210	11451	10491	10480	14920	7543	8572	12121	10027	11977	9961	11907	28057	20027	10480	7586	11569	4788	20664	13100	12318	7100	7581	22502	11812	21976	12731	11963	15148	7591	10704	7486	16738	12195	12378	14479	12945	11758	14040	7827	17177	22565	17574	11346	9843	11516	9971	13814	14872	13979	15854	14061	17837	6411	13208	10879	14147	22565	7985	7539	9284	12894	11285	19879	7091	14591	8894	11031	9807	2406	6551	13353	7766	14456	11199	11963	7746	6447	9118	19928	9380	15656	5509	6364	13939	15515	16445	10469	5040	6993	14167	14945	12167	7367	5615	12440	8716	14345	7963	16142	13896	9660	9246	7331	12520	4928	22502	6878	11224	13636	7833	11411	17689	5712	11542	17873	14568	13153	8677	14895	8656	12945	13135	9192	4463	8597	13835	6593	15122	11285	15463	10996	10246	8881
RPA3	1672	1855	1372	1854	1035	991	729	359	934	903	838	934	787	1883	777	1931	870	952	2555	824	1251	665	1812	812	1399	622	1358	880	1590	508	869	686	886	590	2674	1545	841	419	782	484	1712	560	771	841	351	3013	836	3070	919	965	2065	816	1066	495	1313	573	1141	1597	1379	1427	1158	882	1942	3773	1261	1114	545	1312	383	497	1554	1208	2737	897	2078	571	1044	563	1092	1615	1098	946	416	1654	645	2668	502	885	824	1468	506	760	656	881	2020	868	525	1664	600	318	746	933	738	1147	445	755	1712	538	1106	578	1625	682	1557	1027	675	535	955	586	1404	1766	1961	1774	1915	1114	528	995	1053	885	1836	581	1243	1760	1031	1407	1211	1730	1075	2472	906	1507	997	671	606	2262	795	1834	393	1270	777	883	1071	1018	1133	513	937	908
OST4	5199	8363	3891	4789	9238	4540	7116	3754	8141	8798	4463	4478	5810	15684	4316	10749	6200	5666	11963	5028	4027	5591	5316	6404	7880	5127	5848	10054	2388	5188	4747	8244	5898	6562	12601	10428	4009	5772	5519	3119	13485	9643	4992	5692	4970	18146	5032	15382	8062	7399	8357	6701	4196	4508	8244	5751	7577	6583	6912	4744	9103	4664	13335	14849	9861	6569	4821	6639	5354	4555	6169	8730	11717	8894	13083	6705	8002	8617	4569	9315	2899	4425	4286	7472	7534	12585	3255	7715	4953	6381	6003	2379	3522	7116	4722	7083	4799	6438	4130	4062	7495	6111	4004	10996	5178	4884	8819	5457	9509	4549	6909	5083	7766	8553	6020	4312	3638	5512	3910	8491	4721	8630	7486	7444	4781	4542	4976	4392	13244	3786	6444	7238	7625	6293	9339	3078	5762	9331	9269	6562	4115	4819	3999	6897	8135	6523	3090	3596	5949	3760	8423	5850	6102	4893	7162	6551
IKBIP	1585	698	1550	1051	2429	1268	1620	725	2125	1422	1303	952	1107	1927	811	2383	1199	1003	2332	1328	1216	763	1145	2251	1073	1476	1676	1894	1210	1051	1301	965	1723	1057	1670	1604	1084	692	1116	912	1271	1642	1736	707	999	1882	852	1784	2385	961	4044	998	829	556	2312	1488	1757	2318	2734	976	2672	811	3534	2121	606	1224	865	1181	1878	1265	1596	1424	1231	1513	2083	1326	1509	851	1477	2776	670	946	1647	2296	995	871	654	2632	1171	1947	916	748	884	844	1620	1898	1930	942	1166	872	851	1074	1180	1678	225	617	709	1020	1735	1290	1082	1199	2093	800	1018	1098	560	1520	940	1414	895	1358	3087	957	1587	1481	1186	1049	912	1135	1524	1133	3361	1905	1999	574	1803	1718	1758	946	1777	1538	657	1529	1765	1548	817	651	1463	778	2983	1199	1022	1104	1475	1507
FAM71D	8	4	6	7	45	16	11	13	5	16	1	6	11	3	3	5	24	4	6	9	2	4	5	14	0	17	12	8	15	3	11	26	8	3	1	3	15	14	4	8	19	8	16	3	6	5	5	6	11	7	32	2	7	7	5	8	5	10	4	7	26	0	6	0	6	1	8	0	14	14	15	6	8	8	6	10	5	7	3	17	9	7	7	15	3	2	5	6	4	16	18	13	19	8	6	21	10	6	6	7	10	34	8	5	2	5	5	7	2	10	3	3	2	20	10	9	3	4	7	20	7	1	5	0	10	2	10	13	2	7	18	2	15	19	3	6	8	5	4	3	7	15	13	1	14	6	6	8	3	10	86	2	17	10	3	13
CCDC109B	1770	1114	2555	864	2359	800	1404	1428	1250	1911	2235	1847	878	4133	973	1400	1699	1426	4126	507	1578	751	1106	2476	457	2946	1911	409	1869	1130	1900	975	1513	2116	4436	2786	1385	333	2728	363	3372	219	3495	888	703	3471	1416	5352	1567	1053	2503	2230	1502	524	2539	1963	443	3779	3109	1242	2429	486	4189	4409	1153	1260	933	506	1357	1394	2979	2263	2790	2734	3941	545	1056	274	1275	2812	1155	695	2015	1730	1657	2079	404	2445	874	2467	1224	236	1081	1743	2284	2352	1159	719	1128	1316	732	1763	1832	2987	221	359	792	1302	1664	2649	402	962	1007	1742	2217	1696	742	1336	1524	1119	1544	2094	3100	512	1433	1624	2697	365	1072	615	1817	2389	713	1856	2591	626	2133	2160	3783	1595	2187	1389	994	898	2332	1781	779	989	1966	481	2218	1713	3423	1840	1784	559
FRY	640	1744	1071	1217	1687	1498	1284	2228	2604	1093	1222	1581	2453	688	1820	873	811	1209	763	1061	1521	2342	1598	644	1315	938	1314	801	849	896	1538	1884	1024	1130	645	899	1073	3112	1280	3339	451	425	737	2055	2318	1401	1523	520	1250	1635	659	1290	4669	3643	424	1023	1187	532	854	1005	807	2478	434	989	1445	1628	1248	979	1192	1587	596	736	1171	1384	977	1333	1673	2201	1301	589	1875	1157	754	580	2199	1187	2707	745	838	461	1396	2131	2088	1286	671	1368	904	598	1274	1590	3135	871	1478	1474	6905	2147	1201	2198	1085	1165	1593	1485	931	1976	1455	1663	2019	1881	1512	675	1130	631	401	1187	991	1037	1737	1622	1113	1197	516	703	649	1120	1083	1143	1004	1041	513	1382	753	1950	2526	843	583	1085	2086	1816	2004	1566	1520	782	590	1291	738	1543
DDOST	14234	11785	17142	10815	15304	8943	10704	10218	12504	14682	13939	9925	11949	13577	10054	7649	14706	9952	12779	9915	8261	5759	13876	8943	10651	12489	15225	16259	10139	12474	10608	12862	11623	8623	16290	11115	14456	9355	13999	8566	13896	15881	9660	6771	7309	12618	8261	11424	9559	12618	16770	13917	9509	6364	15463	10130	12812	13014	12634	15225	11991	9355	14849	11596	7104	7463	8559	10544	8812	12634	15096	11298	11322	11977	21976	9412	11758	10083	10459	16084	9979	12568	10522	21059	8393	10073	6252	11103	8503	12651	13896	8112	8029	7362	9238	10630	11949	8957	8957	8393	7807	6322	8881	10286	6338	7091	10397	8737	12393	10651	10961	8979	12585	10996	12303	9230	10522	8192	5588	12812	9824	11224	13153	9566	9262	5966	12288	8943	13485	8357	12796	11322	11853	7362	11704	9428	12004	10825	10276	9651	10554	9000	7969	9269	12020	10598	7833	10641	9815	9412	19832	10111	9169	10218	9711	10315
CCNB1	4189	943	2407	3423	1049	3200	2645	1519	2095	2001	1827	3527	1275	1795	3040	3292	2138	1720	1444	2324	3803	929	3076	3199	4024	2836	3493	3608	3294	2301	3055	1161	2670	721	5254	2549	2764	1911	3740	2943	5403	1626	1887	689	1347	3268	1885	6468	1108	2736	4737	3325	1339	1091	2128	1717	4895	2622	3243	4678	2622	2109	8417	3135	785	2639	1738	4769	1347	1983	3992	1762	2213	3024	4342	5932	4179	2926	429	2606	2645	4102	435	2239	436	2801	1065	1234	4759	4021	2276	4825	2219	2142	4039	1094	1161	3367	4161	774	1817	3011	1169	1430	289	2528	4810	2472	1190	1569	5118	1484	4674	4559	2543	2461	2775	1286	2948	8979	3196	5699	4189	6555	2906	3517	2066	6020	6985	2585	3480	13676	2335	2940	1644	930	3149	2573	676	772	10793	873	834	8867	1117	1679	2057	1826	791	4895	3375	3720	2975	1478	2103	1444
RARRES1	191	121	836	86	607	81	294	15	59	111	2036	436	98	842	63	111	42	150	2713	51	41	46	127	1081	87	141	139	27	114	150	106	4	155	72	558	129	512	44	125	0	255	110	157	127	110	416	316	222	126	48	1389	180	55	20	2347	453	67	241	61427	54	250	7	241	1231	167	135	33	88	283	136	472	274	277	102	89	365	151	34	47	4190	61	149	217	286	585	222	124	2854	78	176	38	87	118	178	65	907	179	80	870	90	8	187	35	408	22	34	385	146	940	314	406	220	365	98	85	72	108	224	41	228	39	483	363	145	139	103	224	173	53	272	268	126	2363	182	448	18	106	351	883	66	99	203	164	134	62	48	149	21	172	76	195	372	247	188	558	141
MRPL36	1264	1414	735	1200	1699	1041	2128	1044	1312	1273	846	732	721	2097	1017	2394	849	1555	2181	962	735	648	1447	1365	1211	871	1434	725	926	849	1087	1094	1807	982	2342	2295	739	872	898	604	1979	1070	1669	715	974	3622	918	3262	1829	1604	1904	1528	818	799	3114	1207	1550	1711	1452	1662	2168	1162	2978	3869	1647	1618	1018	1500	1374	914	1983	1385	2729	1784	3278	1404	1610	1454	947	1176	712	947	1162	1692	1223	2348	683	1140	706	1643	1325	1126	783	1364	1971	1398	1360	1436	933	713	1179	1566	804	1676	978	716	1827	1185	2124	1156	1304	1222	1872	1562	1052	1274	973	941	1275	1910	642	1257	1373	1032	1003	1193	1191	1061	1573	828	1628	1542	1268	992	1790	660	1104	2229	2213	1832	775	882	1342	2615	1361	1041	1087	693	870	832	2093	956	1273	1173	1446	1304
KDELR2	16445	15741	13409	13427	13521	13465	10375	7234	13735	12136	15198	14147	14061	13939	8670	21598	21658	14920	11516	17462	13170	11055	19166	18386	14614	17916	19446	26072	14637	10054	12409	9542	14390	8971	14412	9617	18027	8351	17574	6534	13317	20178	13244	11188	7874	14084	9695	8853	11411	14501	38122	8101	8812	5829	20830	13391	12440	20947	9140	15045	11637	7444	18470	13521	9686	8460	7477	12634	8566	13117	16172	21475	21658	16738	9608	13774	19540	7848	14824	18720	14849	17041	9388	22768	10149	12136	9000	10027	17177	18763	10102	16259	9897	14479	18107	14729	11977	25160	15769	8073	9169	13317	13755	11386	5256	11555	13225	11224	12520	14545	14127	14104	13917	16738	13353	11516	7921	7751	8559	13014	9396	18893	35984	17536	10036	10984	12151	18720	8950	11310	14255	13755	31829	17106	18027	9998	13917	14659	11127	10397	9420	12910	6993	10544	15769	18675	8888	16870	8730	10782	14211	18224	10760	11935	13014	19635
KIAA0427	1825	1467	1469	2426	960	1951	1501	1900	1240	1512	1076	2091	1730	746	2212	1251	1100	1273	528	1807	3728	2430	1277	1032	1396	1070	1155	3524	1737	2023	1175	1268	1138	1824	718	1222	1813	3052	1203	2544	887	1574	1032	2025	2895	267	1868	746	1350	1844	970	824	2049	3541	1291	1494	2430	936	806	1682	1059	2002	852	325	1581	2778	1642	2731	2609	1530	1213	915	711	1694	1006	2610	1728	2860	1476	708	2174	2683	1231	1030	2264	1199	5089	1140	2022	1128	1189	3056	1781	2320	1761	1057	1315	3446	2121	1782	3107	746	1523	767	4067	4495	1925	1522	1762	1095	1964	2360	1482	1362	1064	1285	2155	3080	2240	1359	1236	1637	1222	2144	1667	1460	1322	3432	961	3051	1331	1847	1184	1803	1243	2882	1251	1089	953	1251	1528	2392	2141	3197	1195	2002	3019	1723	1880	4506	997	2318	1321	1333	2172	2065
RPL41	54262	47300	34081	21239	52554	46491	46100	40604	81598	41194	26875	34893	43471	93116	38372	60609	43835	47300	70705	43122	33885	31829	46902	42480	44191	37119	59085	50530	27390	42480	46100	65037	44944	27715	76414	93116	28057	46902	43835	20776	62267	107128	39456	34081	28409	65037	36210	79719	46491	49118	40325	63163	52012	32326	44191	45713	72018	64051	47726	44191	55564	44191	95999	69525	68363	54262	31349	50052	28172	33518	60609	66186	47726	50530	74973	27186	47300	74973	39456	66186	35754	35754	37119	46491	52554	62267	32651	46100	29916	46902	38372	21299	27606	59085	37119	44191	32998	37369	34289	31349	62267	49588	28290	87951	45713	34494	54262	63163	50530	36904	41507	35544	54262	90375	52554	37369	30736	49588	35104	63163	45713	56908	49118	45323	38903	50052	47300	11091	74973	27286	45323	56217	49588	55564	53630	30465	46491	70705	56908	46902	50052	31036	38903	83397	47726	30601	26273	30056	27186	24018	58376	46902	51499	39174	51499	41194
LGALS1	9880	20444	13896	22980	25510	17283	20027	16938	21299	23493	16445	14824	6551	26273	7022	16972	7859	20830	27831	10064	13755	6832	18027	33885	10869	23861	16738	8363	17354	10915	19684	5881	22299	16577	33885	18675	16172	6136	15684	2315	27715	31189	22502	8186	18763	59085	13445	38630	33343	15571	52554	10544	7644	5974	52554	19213	6243	27496	26979	12715	40896	4610	52012	43122	21059	11690	10598	13774	18552	22702	31657	19540	20664	25072	17689	11502	9971	8670	10533	51003	6485	10036	16870	12585	23418	19635	7635	25417	19832	7905	9591	2679	13427	21539	24658	29251	14545	7247	21910	8677	4920	22369	15489	13335	2000	3368	11188	12651	21475	16642	9998	10651	9323	11569	14367	15826	5415	12333	13083	11285	14729	18675	48628	10139	16938	12063	7309	11963	18386	18386	8979	25331	40896	17320	30601	5368	13100	19975	19587	11650	14104	22167	10438	30179	29121	9339	16172	10073	17992	3480	23568	11516	20282	20132	18807	17354
PLP2	3490	2363	4425	3608	2396	1740	7635	1831	3589	5445	1651	1412	1053	8819	2301	1664	1785	7477	4539	1892	7234	1682	7157	8491	868	4519	1288	1586	8460	940	2211	266	2998	4024	5884	3828	8297	1226	2799	1055	3601	437	4147	1742	2213	4992	3203	5481	4988	2128	6099	2574	1546	262	17954	4056	2139	4516	7467	500	4891	462	6129	8901	3476	1056	1518	2175	3883	4498	15437	4289	3346	3157	3368	1805	1748	1227	3369	5118	2224	2345	5638	5000	1525	1962	703	2815	2348	3119	8180	749	1740	1899	3599	4957	3929	1457	1729	5154	980	4260	1835	8805	215	1295	1409	1012	426	4179	1315	2902	2326	3084	1248	3599	1909	2083	806	2736	5615	5357	7694	1335	2320	2572	2454	1203	2457	1834	824	1990	6354	12004	4065	2750	2271	3023	12945	2715	9074	3267	3859	4687	7034	3029	1953	6632	1959	1132	6377	3533	9323	3428	6905	1960
FAM190B	2049	2534	2310	2103	2231	2320	3710	2740	2164	1864	1819	2585	1987	1379	2583	1693	2423	2153	1476	2050	5016	8572	2058	2191	3334	2246	1819	899	2835	2384	2128	2221	2346	2570	1494	1682	1996	7054	1977	4209	1236	1714	2553	2784	5571	1181	2516	1842	2435	2593	2084	1728	2280	3828	2464	3211	2200	1653	2062	2260	1933	4307	1476	1362	3532	2819	3488	2293	2866	2316	2097	1790	1549	1701	1619	2604	1816	3669	2355	2174	2535	2536	2826	2127	4160	2383	4539	2787	1891	2188	1964	4830	2349	2308	4687	2289	2262	2835	3190	2850	3279	2063	2643	1416	5225	2371	2709	2435	2070	2307	3561	3605	1581	1915	3505	2251	3504	4013	2509	1216	2336	1981	2000	4386	2661	2785	1392	2231	3413	4757	1687	1267	2485	2528	2447	3497	2596	1908	2218	1669	3320	2244	2962	4051	2037	1906	3395	2434	2116	2811	1764	2739	2568	2220	3661	2414
GLA	966	1574	760	1020	1590	951	872	794	1473	2077	1040	1248	1202	2171	709	1805	1435	1118	1818	1166	1517	882	1856	1179	1013	1252	1265	1601	800	1302	928	862	850	1014	2642	1359	1519	985	1001	1008	1894	1050	867	726	1177	1492	694	1830	742	810	2054	1396	915	721	2202	1586	1373	1257	1916	1986	1337	829	2593	1605	1690	1250	1049	1743	967	1003	1237	935	1396	1451	1338	1001	1288	857	1256	1687	819	1067	1126	1436	1387	1989	556	2451	997	1146	981	959	719	1235	1217	1129	849	1655	1488	1068	1337	863	948	1851	503	955	1538	1067	1856	861	973	799	1518	862	1119	896	956	1048	1436	1676	688	1078	1646	1398	726	865	999	1137	2535	931	1201	1559	2153	1469	1721	451	1300	1877	1618	1152	1384	1010	640	1513	1007	1391	824	610	1392	1245	1043	1059	749	1053	1134	1025
TPM4	15712	11437	13353	14523	19354	13503	23568	23787	21002	18893	25603	19166	10926	16972	19308	18107	9269	15968	19033	18069	19446	8723	14776	41194	19446	29251	14545	32998	20228	10102	40604	14501	25251	11359	21718	21181	16972	15939	20555	8547	15020	13917	23938	8238	15601	15329	10246	15684	24333	16609	31657	30324	9815	7490	54262	29121	24992	14412	20178	19446	20720	11609	27715	18027	6394	15489	9133	14367	18266	18893	21539	18807	6523	24571	10608	17073	19446	14682	6187	22103	9162	22103	26979	13208	11677	8045	11677	18893	31829	13244	17320	35544	12910	15463	11949	38903	24100	7996	30179	19784	15543	12241	17246	13117	8541	13856	13445	14591	18184	23861	14084	19033	24741	20947	19033	28763	11152	11386	6070	18851	12393	17536	46100	18069	13153	23347	19213	17652	12962	16084	18851	24492	38372	14776	20947	6593	22980	17837	21658	7467	15996	9277	14412	29916	21361	8303	28884	16577	19635	15601	19213	16673	26072	26178	23272	22636
SPAG4	676	159	401	134	243	127	318	69	245	167	373	141	74	641	12	698	18	291	380	58	526	5	21	274	193	229	98	158	203	40	40	34	180	241	191	305	200	79	60	15	995	240	199	63	82	1198	171	1005	537	5	450	19	24	14	841	160	128	213	751	168	308	45	514	1762	41	85	18	190	375	233	1214	428	208	250	148	70	320	117	841	506	26	110	204	200	167	99	34	374	260	238	105	121	110	78	423	230	197	317	51	40	11	105	126	499	3	106	68	31	289	221	73	167	170	38	29	65	16	108	98	38	125	775	143	109	15	166	204	84	86	65	225	64	278	52	264	48	160	237	635	296	24	88	212	178	550	162	69	207	168	121	292	299	404	138	295	94
RFC2	3718	1220	2569	3425	2647	2746	1578	1239	1975	2255	2502	2219	2569	4728	2462	3399	4322	1466	2876	2501	3309	1492	4099	2489	2031	2320	5534	3132	3118	2034	2735	1619	2023	1588	4572	3941	2549	1276	2968	1612	2845	2135	2651	1481	997	5160	2200	3248	1336	2632	3255	3231	2301	1022	2183	2147	2603	4653	3754	3391	2741	1653	5328	4547	1576	2610	2401	2532	819	2786	3613	3562	5133	2512	5382	2062	3618	1955	1329	2719	2809	3113	1525	4695	1560	3812	1296	1841	2321	3369	1688	3217	3383	1815	4498	1753	1665	3011	2178	2049	1813	3226	2367	3372	993	1695	3131	2593	1674	2448	3099	1821	3949	2788	1922	1949	3390	1283	2787	3796	2840	3137	2681	3273	2503	2449	2953	2973	3536	1399	3284	4806	3315	3339	1943	1875	3116	2944	2489	1958	5571	1914	1252	2040	1923	2866	1376	2572	1246	2475	2352	2193	2379	1425	1486	2229
PDIA6	21418	15173	21059	14800	26979	17916	17073	16142	15382	15020	26573	13794	13597	17320	11424	19354	34289	15601	13465	12489	17041	9852	17007	19928	13391	19075	23938	21910	6668	18184	19635	14278	18851	16231	14614	14970	17798	11399	19213	8174	30736	31349	19784	12348	11867	16770	13208	15910	19879	12210	30056	22233	10208	9230	24492	18386	21239	19879	16512	16938	21786	12195	24827	13715	8516	11880	11359	11115	17354	16673	15939	15628	18807	22980	26072	15571	21120	20078	13153	17498	13409	19401	16445	26875	11127	14568	8429	17007	16382	30324	18851	12699	17689	11963	18470	15910	23568	10325	14523	13030	12272	20830	16938	14020	6026	7314	13409	13391	17391	18470	9185	13577	20178	10973	15799	15741	11359	9971	13616	15571	11529	16231	14189	12997	16544	15173	22980	10045	7958	11335	21539	14278	21910	14523	17992	9500	12910	11489	17954	18069	13655	14234	11310	21475	25331	13335	12796	12945	16512	9169	38903	14345	10306	17177	12409	12910
