Source_HUGO	Source_Entrez	Target_HUGO	Target_Entrez
E2F1	1869	RAD51	5888
E2F1	1869	PCNA	5111
E2F1	1869	E2F1	1869
E2F1	1869	DUSP4	1846
E2F1	1869	CDC25A	993
E2F1	1869	CCNE1	898
STAT4	6775	SOCS3	9021
STAT4	6775	SOCS2	8835
STAT4	6775	IRF1	3659
PPARA	5465	ANGPTL4	51129
POU2F1	5451	GADD45A	1647
E2F2	1870	SCN8A	6334
E2F2	1870	RAD51	5888
E2F2	1870	IGFBP3	3486
E2F2	1870	ARHGAP36	158763
E2F1	1869	WDR76	79968
E2F1	1869	WDR62	284403
E2F1	1869	USP49	25862
E2F1	1869	SPHK1	8877
E2F1	1869	SMC4	10051
E2F1	1869	SLC20A1	6574
E2F1	1869	SCN8A	6334
E2F1	1869	PRPS2	5634
E2F1	1869	PRKCE	5581
E2F1	1869	POLE2	5427
E2F1	1869	PDGFA	5154
E2F1	1869	NDC80	10403
E2F1	1869	MXD3	83463
E2F1	1869	MCM6	4175
E2F1	1869	MCM10	55388
E2F1	1869	IGF1R	3480
E2F1	1869	IER5L	389792
E2F1	1869	HOXA10	3206
E2F1	1869	GPR158	57512
E2F1	1869	GINS1	9837
E2F1	1869	DTL	51514
E2F1	1869	DBF4	10926
E2F1	1869	CLIC1	1192
E2F1	1869	CENPM	79019
E2F1	1869	CDK1	983
E2F1	1869	CDCA7	83879
E2F1	1869	CDC6	990
E2F1	1869	CDC45	8318
E2F1	1869	CBS	875
E2F1	1869	ARHGAP36	158763
CEBPB	1051	TF	7018
CEBPB	1051	SAA1	6288
XBP1	7494	ZDHHC12	84885
XBP1	7494	ZBTB16	7704
XBP1	7494	TSPAN4	7106
XBP1	7494	TGIF1	7050
XBP1	7494	TFR2	7036
XBP1	7494	TCIRG1	10312
XBP1	7494	SYT3	84258
XBP1	7494	SYBU	55638
XBP1	7494	SRPX	8406
XBP1	7494	SNCB	6620
XBP1	7494	SLC8A3	6547
XBP1	7494	SLC12A5	57468
XBP1	7494	SIDT1	54847
XBP1	7494	S100A11	6282
XBP1	7494	RUNX1T1	862
XBP1	7494	RNF43	54894
XBP1	7494	RINL	126432
XBP1	7494	RIMS1	22999
XBP1	7494	RAB40B	10966
XBP1	7494	PRR16	51334
XBP1	7494	PRDM8	56978
XBP1	7494	PPP1R3B	79660
XBP1	7494	PDZD8	118987
XBP1	7494	PCDHGA3	56112
XBP1	7494	PCDHA3	56145
XBP1	7494	P4HA2	8974
XBP1	7494	OSM	5008
XBP1	7494	NXPH4	11247
XBP1	7494	NEFM	4741
XBP1	7494	MXI1	4601
XBP1	7494	MCM6	4175
XBP1	7494	MCM2	4171
XBP1	7494	LMTK3	114783
XBP1	7494	KIAA1671	85379
XBP1	7494	KDELR1	10945
XBP1	7494	ITGA3	3675
XBP1	7494	INA	9118
XBP1	7494	IGF2BP3	10643
XBP1	7494	ICAM5	7087
XBP1	7494	HOXD9	3235
XBP1	7494	HOXB4	3214
XBP1	7494	HOXB3	3213
XBP1	7494	HOXA3	3200
XBP1	7494	HOXA11	3207
XBP1	7494	HOXA10	3206
XBP1	7494	GPT	2875
XBP1	7494	GLS2	27165
XBP1	7494	FTL	2512
XBP1	7494	FGF9	2254
XBP1	7494	ELAVL2	1993
XBP1	7494	DNAJC6	9829
XBP1	7494	DMRTA2	63950
XBP1	7494	DENND2D	79961
XBP1	7494	DDN	23109
XBP1	7494	CPLX2	10814
XBP1	7494	CITED1	4435
XBP1	7494	CECR2	27443
XBP1	7494	CD63	967
XBP1	7494	CD164	8763
XBP1	7494	CCDC8	83987
XBP1	7494	CAV1	857
XBP1	7494	CALU	813
XBP1	7494	C17orf102	400591
XBP1	7494	ATRNL1	26033
XBP1	7494	ARPC5	10092
XBP1	7494	ARF4	378
XBP1	7494	AQP5	362
XBP1	7494	APLN	8862
XBP1	7494	AP1S2	8905
XBP1	7494	AKAP3	10566
TP73	7161	VEGFA	7422
TP73	7161	THBS1	7057
TP73	7161	MDM2	4193
TP73	7161	HIPK2	28996
TP73	7161	CABLES1	91768
TGIF1	7050	UNC5A	90249
TGIF1	7050	TTN	7273
TGIF1	7050	TPBG	7162
TGIF1	7050	TGIF1	7050
TGIF1	7050	SYT1	6857
TGIF1	7050	SPON2	10417
TGIF1	7050	SGMS2	166929
TGIF1	7050	SCRT1	83482
TGIF1	7050	RPL7	6129
TGIF1	7050	RMRP	6023
TGIF1	7050	RCAN1	1827
TGIF1	7050	RAPGEF4	11069
TGIF1	7050	RANBP3L	202151
TGIF1	7050	PTPRD	5789
TGIF1	7050	PSMB8	5696
TGIF1	7050	PPP1R3E	90673
TGIF1	7050	PPP1R12B	4660
TGIF1	7050	NTM	50863
TGIF1	7050	NDST4	64579
TGIF1	7050	NALCN	259232
TGIF1	7050	MGAT4C	25834
TGIF1	7050	LRRTM1	347730
TGIF1	7050	LHX6	26468
TGIF1	7050	KIAA0040	9674
TGIF1	7050	KCNC2	3747
TGIF1	7050	IRF1	3659
TGIF1	7050	IQGAP2	10788
TGIF1	7050	HOXB2	3212
TGIF1	7050	GRIA1	2890
TGIF1	7050	GPC3	2719
TGIF1	7050	FAM72D	728833
TGIF1	7050	FAM189A2	9413
TGIF1	7050	EYA1	2138
TGIF1	7050	EN1	2019
TGIF1	7050	ELAVL2	1993
TGIF1	7050	EEPD1	80820
TGIF1	7050	DLG2	1740
TGIF1	7050	CYR61	3491
TGIF1	7050	COL5A1	1289
TGIF1	7050	CLCF1	23529
TGIF1	7050	CHODL	140578
TGIF1	7050	CDNF	441549
TGIF1	7050	CDC45	8318
TGIF1	7050	CD151	977
TGIF1	7050	CAPZA2	830
TGIF1	7050	CAPZA1	829
TGIF1	7050	CA3	761
TGIF1	7050	ARHGDIB	397
TGIF1	7050	AQP1	358
TGIF1	7050	ANK1	286
TFAP4	7023	ZBTB16	7704
TFAP4	7023	USP54	159195
TFAP4	7023	TRAM1	23471
TFAP4	7023	TOM1L2	146691
TFAP4	7023	TNK2	10188
TFAP4	7023	TMEM165	55858
TFAP4	7023	TMBIM1	64114
TFAP4	7023	TARSL2	123283
TFAP4	7023	SOCS7	30837
TFAP4	7023	SNX31	169166
TFAP4	7023	SNCA	6622
TFAP4	7023	SNAI1	6615
TFAP4	7023	SH3GL2	6456
TFAP4	7023	SFRP4	6424
TFAP4	7023	SERPING1	710
TFAP4	7023	SCD	6319
TFAP4	7023	RYR1	6261
TFAP4	7023	RUNX1	861
TFAP4	7023	RPS6KA5	9252
TFAP4	7023	RCOR2	283248
TFAP4	7023	RAB3A	5864
TFAP4	7023	PTPRN	5798
TFAP4	7023	PTPRB	5787
TFAP4	7023	PTPN5	84867
TFAP4	7023	PRKCZ	5590
TFAP4	7023	PRCD	768206
TFAP4	7023	PDIA4	9601
TFAP4	7023	PAX1	5075
TFAP4	7023	OST4	100128731
TFAP4	7023	NOG	9241
TFAP4	7023	NEBL	10529
TFAP4	7023	NDUFA4L2	56901
TFAP4	7023	NDRG4	65009
TFAP4	7023	MYL6	4637
TFAP4	7023	MYBPH	4608
TFAP4	7023	MXI1	4601
TFAP4	7023	LRP1B	53353
TFAP4	7023	KIAA1147	57189
TFAP4	7023	KIAA0754	643314
TFAP4	7023	KDELR1	10945
TFAP4	7023	KCNA5	3741
TFAP4	7023	ITGA3	3675
TFAP4	7023	IL17D	53342
TFAP4	7023	HTRA3	94031
TFAP4	7023	GRID1	2894
TFAP4	7023	GPR61	83873
TFAP4	7023	GPR158	57512
TFAP4	7023	GDPD2	54857
TFAP4	7023	FCHSD2	9873
TFAP4	7023	FBXO2	26232
TFAP4	7023	FBLN5	10516
TFAP4	7023	FAM20A	54757
TFAP4	7023	FAM155B	27112
TFAP4	7023	EMP3	2014
TFAP4	7023	EMILIN1	11117
TFAP4	7023	EFNA4	1945
TFAP4	7023	E2F1	1869
TFAP4	7023	DNAJC6	9829
TFAP4	7023	DNAH9	1770
TFAP4	7023	DGCR6	8214
TFAP4	7023	DCHS2	54798
TFAP4	7023	CPE	1363
TFAP4	7023	CNNM2	54805
TFAP4	7023	CENPM	79019
TFAP4	7023	CD93	22918
TFAP4	7023	CBFA2T3	863
TFAP4	7023	C1QL2	165257
TFAP4	7023	C1QC	714
TFAP4	7023	BCL3	602
TFAP4	7023	BAIAP2L2	80115
TFAP4	7023	ATP2B2	491
TFAP4	7023	ARPP21	10777
TFAP4	7023	ANGPTL2	23452
TFAP4	7023	AEBP1	165
STAT4	6775	VIP	7432
STAT4	6775	VASN	114990
STAT4	6775	TNF	7124
STAT4	6775	TMEM100	55273
STAT4	6775	SPHK1	8877
STAT4	6775	SOCS7	30837
STAT4	6775	SOCS1	8651
STAT4	6775	SNCB	6620
STAT4	6775	SLC1A7	6512
STAT4	6775	SHANK2	22941
STAT4	6775	SERPINI1	5274
STAT4	6775	SATB1	6304
STAT4	6775	RRAS	6237
STAT4	6775	RHBDL3	162494
STAT4	6775	PYGM	5837
STAT4	6775	PSD	5662
STAT4	6775	PRPH	5630
STAT4	6775	PRF1	5551
STAT4	6775	PDIA5	10954
STAT4	6775	PCOLCE	5118
STAT4	6775	PCDHGA3	56112
STAT4	6775	OSM	5008
STAT4	6775	NPTX2	4885
STAT4	6775	NCDN	23154
STAT4	6775	NBEA	26960
STAT4	6775	LRP1B	53353
STAT4	6775	KIF4A	24137
STAT4	6775	IL2RA	3559
STAT4	6775	HSD3B7	80270
STAT4	6775	HOXB7	3217
STAT4	6775	HOXB4	3214
STAT4	6775	HOXB3	3213
STAT4	6775	HOXA2	3199
STAT4	6775	HNRNPA3P1	10151
STAT4	6775	HHATL	57467
STAT4	6775	GPR179	440435
STAT4	6775	GFRA1	2674
STAT4	6775	FAM109B	150368
STAT4	6775	ESCO2	157570
STAT4	6775	ELMO1	9844
STAT4	6775	CXCL14	9547
STAT4	6775	CISH	1154
STAT4	6775	CDKN2C	1031
STAT4	6775	CCL2	6347
STAT4	6775	CALD1	800
STAT4	6775	CACNA1D	776
STAT4	6775	C14orf21	161424
STAT4	6775	BCL2L12	83596
STAT4	6775	ARHGAP36	158763
STAT4	6775	ANK3	288
STAT4	6775	ANGPT1	284
STAT4	6775	AEBP1	165
STAT4	6775	ACAA2	10449
SREBF2	6721	ZMIZ1	57178
SREBF2	6721	ZC3H12A	80149
SREBF2	6721	VEPH1	79674
SREBF2	6721	TUBA8	51807
SREBF2	6721	TRIM67	440730
SREBF2	6721	TRAIP	10293
SREBF2	6721	TCEAL6	158931
SREBF2	6721	TAGLN2	8407
SREBF2	6721	SYT14	255928
SREBF2	6721	SYNGR1	9145
SREBF2	6721	SYBU	55638
SREBF2	6721	SUSD2	56241
SREBF2	6721	STXBP1	6812
SREBF2	6721	SREBF2	6721
SREBF2	6721	SPTBN4	57731
SREBF2	6721	SPATA18	132671
SREBF2	6721	SOD3	6649
SREBF2	6721	SOCS2	8835
SREBF2	6721	SNAP91	9892
SREBF2	6721	SMC4	10051
SREBF2	6721	SHANK1	50944
SREBF2	6721	SH3GL2	6456
SREBF2	6721	SERPINE1	5054
SREBF2	6721	SEMA4G	57715
SREBF2	6721	RPS28	6234
SREBF2	6721	RPA3	6119
SREBF2	6721	RND3	390
SREBF2	6721	RHOJ	57381
SREBF2	6721	RDH5	5959
SREBF2	6721	RCOR2	283248
SREBF2	6721	RAI2	10742
SREBF2	6721	PVRL1	5818
SREBF2	6721	PVALB	5816
SREBF2	6721	PTCH1	5727
SREBF2	6721	PPP1R3B	79660
SREBF2	6721	PPM1H	57460
SREBF2	6721	PPCS	79717
SREBF2	6721	PODNL1	79883
SREBF2	6721	PHYHIP	9796
SREBF2	6721	PDK4	5166
SREBF2	6721	PCDHGB5	56101
SREBF2	6721	PCDHGB4	8641
SREBF2	6721	PCDH11Y	83259
SREBF2	6721	PAQR6	79957
SREBF2	6721	PABPC1L	80336
SREBF2	6721	OLFM3	118427
SREBF2	6721	NTN4	59277
SREBF2	6721	NRGN	4900
SREBF2	6721	NOL4	8715
SREBF2	6721	NKX2-5	1482
SREBF2	6721	MYO9A	4649
SREBF2	6721	MRO	83876
SREBF2	6721	LSR	51599
SREBF2	6721	LOXL1	4016
SREBF2	6721	LINGO1	84894
SREBF2	6721	LATS2	26524
SREBF2	6721	KLF15	28999
SREBF2	6721	KCNE4	23704
SREBF2	6721	ITPRIPL1	150771
SREBF2	6721	IGFN1	91156
SREBF2	6721	IGF2BP3	10643
SREBF2	6721	IGF1R	3480
SREBF2	6721	IFITM3	10410
SREBF2	6721	HTR1D	3352
SREBF2	6721	HOXD9	3235
SREBF2	6721	HOXB4	3214
SREBF2	6721	HOXB3	3213
SREBF2	6721	HOXA7	3204
SREBF2	6721	HOXA11	3207
SREBF2	6721	HOXA10	3206
SREBF2	6721	HES5	388585
SREBF2	6721	GRM2	2912
SREBF2	6721	GPNMB	10457
SREBF2	6721	GLA	2717
SREBF2	6721	FXYD7	53822
SREBF2	6721	FGF12	2257
SREBF2	6721	FAT3	120114
SREBF2	6721	FAM155B	27112
SREBF2	6721	DUSP23	54935
SREBF2	6721	DLX2	1746
SREBF2	6721	DLG2	1740
SREBF2	6721	DEPDC1	55635
SREBF2	6721	CYP19A1	1588
SREBF2	6721	CSDC2	27254
SREBF2	6721	CRLF1	9244
SREBF2	6721	CRISPLD1	83690
SREBF2	6721	CHRNB2	1141
SREBF2	6721	CECR2	27443
SREBF2	6721	CEBPB	1051
SREBF2	6721	CD164	8763
SREBF2	6721	CCDC154	645811
SREBF2	6721	CAMKV	79012
SREBF2	6721	C4A	720
SREBF2	6721	C1S	716
SREBF2	6721	C17orf102	400591
SREBF2	6721	AQP5	362
SREBF2	6721	AP1S2	8905
SREBF2	6721	ADCY5	111
SREBF2	6721	ACE	1636
SMAD7	4092	MET	4233
SMAD7	4092	HMOX1	3162
RXRG	6258	SORBS1	10580
RXRG	6258	SCD	6319
RXRG	6258	PLIN1	5346
RXRG	6258	CD36	948
RXRG	6258	ANGPTL4	51129
RXRG	6258	ACSL6	23305
RXRG	6258	ACADL	33
PPARA	5465	VEGFA	7422
PPARA	5465	SERPINE1	5054
PPARA	5465	SEMA6B	10501
PPARA	5465	SCD	6319
PPARA	5465	PTGS2	5743
PPARA	5465	PTGS1	5742
PPARA	5465	MMP9	4318
PPARA	5465	LIPE	3991
PPARA	5465	GADD45G	10912
PPARA	5465	GADD45A	1647
PPARA	5465	CD36	948
PPARA	5465	ACSL6	23305
POU2F1	5451	ZRANB1	54764
POU2F1	5451	ZNF536	9745
POU2F1	5451	ZNF483	158399
POU2F1	5451	ZMYND10	51364
POU2F1	5451	ZIC3	7547
POU2F1	5451	ZIC1	7545
POU2F1	5451	ZHX2	22882
POU2F1	5451	ZBTB20	26137
POU2F1	5451	WDFY3	23001
POU2F1	5451	VSNL1	7447
POU2F1	5451	VIP	7432
POU2F1	5451	UQCRQ	27089
POU2F1	5451	TUBA1A	7846
POU2F1	5451	TOX3	27324
POU2F1	5451	TOX	9760
POU2F1	5451	TNFAIP8	25816
POU2F1	5451	TNF	7124
POU2F1	5451	TMEM100	55273
POU2F1	5451	TMCC2	9911
POU2F1	5451	TFPI2	7980
POU2F1	5451	TFAP4	7023
POU2F1	5451	TEX15	56154
POU2F1	5451	TCTEX1D1	200132
POU2F1	5451	TC2N	123036
POU2F1	5451	SSTR1	6751
POU2F1	5451	SSBP3	23648
POU2F1	5451	SRCIN1	80725
POU2F1	5451	SPRY2	10253
POU2F1	5451	SPP1	6696
POU2F1	5451	SP8	221833
POU2F1	5451	SOX6	55553
POU2F1	5451	SNRPD2	6633
POU2F1	5451	SMPD3	55512
POU2F1	5451	SLPI	6590
POU2F1	5451	SLC8A3	6547
POU2F1	5451	SLC24A2	25769
POU2F1	5451	SLC1A2	6506
POU2F1	5451	SHISA9	729993
POU2F1	5451	SHC1	6464
POU2F1	5451	SH3GL3	6457
POU2F1	5451	SGIP1	84251
POU2F1	5451	SFRP2	6423
POU2F1	5451	SERPINA1	5265
POU2F1	5451	SEMA3D	223117
POU2F1	5451	SDPR	8436
POU2F1	5451	SCRT1	83482
POU2F1	5451	SCN3A	6328
POU2F1	5451	SCD	6319
POU2F1	5451	SATB1	6304
POU2F1	5451	SASH1	23328
POU2F1	5451	S100A4	6275
POU2F1	5451	S100A3	6274
POU2F1	5451	S100A13	6284
POU2F1	5451	RUNX1T1	862
POU2F1	5451	RUNX1	861
POU2F1	5451	RSPO3	84870
POU2F1	5451	RRAS	6237
POU2F1	5451	RNASE2	6036
POU2F1	5451	RIMS2	9699
POU2F1	5451	RGS2	5997
POU2F1	5451	RANBP3L	202151
POU2F1	5451	RAD54B	25788
POU2F1	5451	PVRL1	5818
POU2F1	5451	PTGDS	5730
POU2F1	5451	PTER	9317
POU2F1	5451	PTCH1	5727
POU2F1	5451	PSMB8	5696
POU2F1	5451	PRKCB	5579
POU2F1	5451	PPM1L	151742
POU2F1	5451	POU2F1	5451
POU2F1	5451	PLEKHA6	22874
POU2F1	5451	PLAU	5328
POU2F1	5451	PIPOX	51268
POU2F1	5451	PER3	8863
POU2F1	5451	PDLIM1	9124
POU2F1	5451	PDE2A	5138
POU2F1	5451	PDE11A	50940
POU2F1	5451	PCSK2	5126
POU2F1	5451	PCDHGB5	56101
POU2F1	5451	PCDHGA3	56112
POU2F1	5451	PCDHA9	9752
POU2F1	5451	PCDHA5	56143
POU2F1	5451	PCDHA3	56145
POU2F1	5451	PCDHA1	56147
POU2F1	5451	PARVB	29780
POU2F1	5451	OMG	4974
POU2F1	5451	OLFM4	10562
POU2F1	5451	NTS	4922
POU2F1	5451	NTM	50863
POU2F1	5451	NT5DC2	64943
POU2F1	5451	NRXN3	9369
POU2F1	5451	NRXN1	9378
POU2F1	5451	NRGN	4900
POU2F1	5451	NRG3	10718
POU2F1	5451	NMNAT2	23057
POU2F1	5451	NKX2-5	1482
POU2F1	5451	NKAIN2	154215
POU2F1	5451	NGFR	4804
POU2F1	5451	NFKBIZ	64332
POU2F1	5451	NEUROD6	63974
POU2F1	5451	NEURL	9148
POU2F1	5451	NEFM	4741
POU2F1	5451	NDUFA4L2	56901
POU2F1	5451	NDST4	64579
POU2F1	5451	NCAM1	4684
POU2F1	5451	NAT1	9
POU2F1	5451	MYT1L	23040
POU2F1	5451	MYO1B	4430
POU2F1	5451	MTUS2	23281
POU2F1	5451	MRVI1	10335
POU2F1	5451	MRO	83876
POU2F1	5451	MLL	4297
POU2F1	5451	MEOX2	4223
POU2F1	5451	MDM2	4193
POU2F1	5451	MAST4	375449
POU2F1	5451	MAP2	4133
POU2F1	5451	MANF	7873
POU2F1	5451	LUM	4060
POU2F1	5451	LRRTM4	80059
POU2F1	5451	LRRTM3	347731
POU2F1	5451	LRRTM1	347730
POU2F1	5451	LRP4	4038
POU2F1	5451	LRFN5	145581
POU2F1	5451	LOX	4015
POU2F1	5451	LOC254559	254559
POU2F1	5451	LOC150568	150568
POU2F1	5451	LHFPL1	340596
POU2F1	5451	LCTL	197021
POU2F1	5451	KIF4A	24137
POU2F1	5451	KIAA2026	158358
POU2F1	5451	KIAA1161	57462
POU2F1	5451	KIAA0754	643314
POU2F1	5451	KCTD16	57528
POU2F1	5451	KCNQ3	3786
POU2F1	5451	KCNN3	3782
POU2F1	5451	KCNJ11	3767
POU2F1	5451	KCNIP2	30819
POU2F1	5451	KCNE3	10008
POU2F1	5451	KCNAB2	8514
POU2F1	5451	KCNAB1	7881
POU2F1	5451	KCNA5	3741
POU2F1	5451	KBTBD11	9920
POU2F1	5451	ITGA1	3672
POU2F1	5451	IRX5	10265
POU2F1	5451	IRX2	153572
POU2F1	5451	IL8	3576
POU2F1	5451	IL2RB	3560
POU2F1	5451	IL1RAPL1	11141
POU2F1	5451	IL13RA2	3598
POU2F1	5451	IGJ	3512
POU2F1	5451	HRH1	3269
POU2F1	5451	HPN	3249
POU2F1	5451	HOXC6	3223
POU2F1	5451	HOXC10	3226
POU2F1	5451	HOXA4	3201
POU2F1	5451	HOXA3	3200
POU2F1	5451	HOXA11	3207
POU2F1	5451	HOXA10	3206
POU2F1	5451	HMGA2	8091
POU2F1	5451	HLA-DRA	3122
POU2F1	5451	HIST1H2BK	85236
POU2F1	5451	HIST1H2AC	8334
POU2F1	5451	HDAC4	9759
POU2F1	5451	GRM5	2915
POU2F1	5451	GRIN3A	116443
POU2F1	5451	GRIA1	2890
POU2F1	5451	GPT	2875
POU2F1	5451	GPR39	2863
POU2F1	5451	GPC3	2719
POU2F1	5451	GNAO1	2775
POU2F1	5451	GNAL	2774
POU2F1	5451	GEMIN7	79760
POU2F1	5451	GCNT1	2650
POU2F1	5451	GAP43	2596
POU2F1	5451	GAL3ST1	9514
POU2F1	5451	GADD45G	10912
POU2F1	5451	GABRB3	2562
POU2F1	5451	GABRB1	2560
POU2F1	5451	FZD2	2535
POU2F1	5451	FUT9	10690
POU2F1	5451	FUCA2	2519
POU2F1	5451	FRMPD2	143162
POU2F1	5451	FN1	2335
POU2F1	5451	FGF13	2258
POU2F1	5451	FERMT1	55612
POU2F1	5451	FCER1G	2207
POU2F1	5451	FAM35B	414241
POU2F1	5451	FAM20A	54757
POU2F1	5451	ERMN	57471
POU2F1	5451	EMX2OS	196047
POU2F1	5451	EMP1	2012
POU2F1	5451	EMILIN3	90187
POU2F1	5451	ELOVL2	54898
POU2F1	5451	EID3	493861
POU2F1	5451	EBF3	253738
POU2F1	5451	DST	667
POU2F1	5451	DSCAML1	57453
POU2F1	5451	DOK3	79930
POU2F1	5451	DLGAP3	58512
POU2F1	5451	DLGAP1	9229
POU2F1	5451	DLG2	1740
POU2F1	5451	DKK1	22943
POU2F1	5451	DES	1674
POU2F1	5451	DCN	1634
POU2F1	5451	DACH2	117154
POU2F1	5451	CYR61	3491
POU2F1	5451	CYP27B1	1594
POU2F1	5451	CXCR2	3579
POU2F1	5451	CXCL13	10563
POU2F1	5451	CTSK	1513
POU2F1	5451	COL1A1	1277
POU2F1	5451	CNTNAP4	85445
POU2F1	5451	CNTN4	152330
POU2F1	5451	CNTN1	1272
POU2F1	5451	CLDN1	9076
POU2F1	5451	CITED1	4435
POU2F1	5451	CENPI	2491
POU2F1	5451	CELF3	11189
POU2F1	5451	CDKL2	8999
POU2F1	5451	CDK2	1017
POU2F1	5451	CDH20	28316
POU2F1	5451	CDCA2	157313
POU2F1	5451	CDC6	990
POU2F1	5451	CDC20	991
POU2F1	5451	CD248	57124
POU2F1	5451	CD151	977
POU2F1	5451	CCR5	1234
POU2F1	5451	CCKBR	887
POU2F1	5451	CCDC89	220388
POU2F1	5451	CCDC65	85478
POU2F1	5451	CCDC154	645811
POU2F1	5451	CCDC129	223075
POU2F1	5451	CASP3	836
POU2F1	5451	CASKIN2	57513
POU2F1	5451	CAPZA1	829
POU2F1	5451	CAMKV	79012
POU2F1	5451	CALD1	800
POU2F1	5451	CACNG3	10368
POU2F1	5451	CACNA1D	776
POU2F1	5451	CABLES1	91768
POU2F1	5451	C1QL3	389941
POU2F1	5451	C14orf142	84520
POU2F1	5451	BUB1B	701
POU2F1	5451	BSPRY	54836
POU2F1	5451	BRIP1	83990
POU2F1	5451	BMP2	650
POU2F1	5451	BCL2A1	597
POU2F1	5451	BAI3	577
POU2F1	5451	ATF3	467
POU2F1	5451	ASB5	140458
POU2F1	5451	ARPP21	10777
POU2F1	5451	ARPC5	10092
POU2F1	5451	AQP9	366
POU2F1	5451	AP1S2	8905
POU2F1	5451	ANKS1B	56899
POU2F1	5451	ANK1	286
POU2F1	5451	ANGPT1	284
POU2F1	5451	AMOT	154796
POU2F1	5451	ALDOC	230
POU2F1	5451	ALB	213
POU2F1	5451	AKR1C3	8644
POU2F1	5451	AKR1C1	1645
POU2F1	5451	AFF2	2334
POU2F1	5451	ADAM12	8038
POU2F1	5451	ACTG2	72
PGR	5241	VEGFA	7422
PGR	5241	CHGA	1113
PGR	5241	ALB	213
PAX3	5077	MET	4233
PAX1	5075	SLC22A6	9356
NR3C2	4306	SCNN1B	6338
NR3C2	4306	ATP1A3	478
NR3C2	4306	ATP1A2	477
MXI1	4601	ZMAT1	84460
MXI1	4601	ZHX2	22882
MXI1	4601	ZBTB37	84614
MXI1	4601	XBP1	7494
MXI1	4601	WNT10B	7480
MXI1	4601	WEE1	7465
MXI1	4601	USP49	25862
MXI1	4601	UPP1	7378
MXI1	4601	UPF2	26019
MXI1	4601	UBE2C	11065
MXI1	4601	TXNDC5	81567
MXI1	4601	TTYH3	80727
MXI1	4601	TSPAN4	7106
MXI1	4601	TRIP6	7205
MXI1	4601	TRIP13	9319
MXI1	4601	TPM2	7169
MXI1	4601	TNK2	10188
MXI1	4601	TNFRSF12A	51330
MXI1	4601	TMEM154	201799
MXI1	4601	TMEM151A	256472
MXI1	4601	TIMM8B	26521
MXI1	4601	THBD	7056
MXI1	4601	TFRC	7037
MXI1	4601	TFR2	7036
MXI1	4601	TFAP4	7023
MXI1	4601	TEF	7008
MXI1	4601	TEAD3	7005
MXI1	4601	TCIRG1	10312
MXI1	4601	TAGLN2	8407
MXI1	4601	SYT5	6861
MXI1	4601	SYCP2L	221711
MXI1	4601	STRA6	64220
MXI1	4601	STK32C	282974
MXI1	4601	STEAP3	55240
MXI1	4601	STARD10	10809
MXI1	4601	STAR	6770
MXI1	4601	SSTR1	6751
MXI1	4601	SRGN	5552
MXI1	4601	SPRY1	10252
MXI1	4601	SNAI2	6591
MXI1	4601	SNAI1	6615
MXI1	4601	SMYD2	56950
MXI1	4601	SMAD7	4092
MXI1	4601	SLC9A2	6549
MXI1	4601	SLC6A15	55117
MXI1	4601	SLC5A11	115584
MXI1	4601	SLC43A3	29015
MXI1	4601	SLC39A8	64116
MXI1	4601	SLC30A3	7781
MXI1	4601	SLC2A4	6517
MXI1	4601	SLC2A13	114134
MXI1	4601	SLC29A1	2030
MXI1	4601	SLC25A27	9481
MXI1	4601	SLC20A1	6574
MXI1	4601	SLC16A9	220963
MXI1	4601	SLC16A3	9123
MXI1	4601	SLAMF8	56833
MXI1	4601	SHISA7	729956
MXI1	4601	SH2D4A	63898
MXI1	4601	SGOL1	151648
MXI1	4601	SGMS1	259230
MXI1	4601	SFMBT2	57713
MXI1	4601	SERPINI1	5274
MXI1	4601	SERPINH1	871
MXI1	4601	SERPINE1	5054
MXI1	4601	SEMA6B	10501
MXI1	4601	SECTM1	6398
MXI1	4601	SCD	6319
MXI1	4601	S100A6	6277
MXI1	4601	S100A10	6281
MXI1	4601	RUNX1	861
MXI1	4601	RRM2	6241
MXI1	4601	RPS6KA5	9252
MXI1	4601	RPS28	6234
MXI1	4601	RPS27A	6233
MXI1	4601	RMRP	6023
MXI1	4601	RHOH	399
MXI1	4601	RHOD	29984
MXI1	4601	RGS2	5997
MXI1	4601	RGS16	6004
MXI1	4601	REXO2	25996
MXI1	4601	RCOR2	283248
MXI1	4601	RCC1	1104
MXI1	4601	RASGEF1C	255426
MXI1	4601	RAPGEF3	10411
MXI1	4601	RAP2A	5911
MXI1	4601	RAD54L	8438
MXI1	4601	RAB42	115273
MXI1	4601	RAB3A	5864
MXI1	4601	RAB11FIP2	22841
MXI1	4601	PTPN7	5778
MXI1	4601	PTK6	5753
MXI1	4601	PTGES	9536
MXI1	4601	PTER	9317
MXI1	4601	PTCH1	5727
MXI1	4601	PSD	5662
MXI1	4601	PRTG	283659
MXI1	4601	PRRT2	112476
MXI1	4601	PRKCQ	5588
MXI1	4601	PRKCE	5581
MXI1	4601	PRKCA	5578
MXI1	4601	PRICKLE3	4007
MXI1	4601	PRDX4	10549
MXI1	4601	PRAME	23532
MXI1	4601	PPP1R3F	89801
MXI1	4601	PPP1R3E	90673
MXI1	4601	PPP1R3B	79660
MXI1	4601	PPP1R12B	4660
MXI1	4601	PPIA	5478
MXI1	4601	POLR2L	5441
MXI1	4601	PLXDC1	57125
MXI1	4601	PLOD3	8985
MXI1	4601	PLOD1	5351
MXI1	4601	PLK1	5347
MXI1	4601	PLIN2	123
MXI1	4601	PLEKHG3	26030
MXI1	4601	PLAC8	51316
MXI1	4601	PLA2G4A	5321
MXI1	4601	PI3	5266
MXI1	4601	PHLDA2	7262
MXI1	4601	PDZD8	118987
MXI1	4601	PDZD7	79955
MXI1	4601	PDK1	5163
MXI1	4601	PDIA5	10954
MXI1	4601	PCOLCE2	26577
MXI1	4601	PC	5091
MXI1	4601	PARVB	29780
MXI1	4601	P2RX7	5027
MXI1	4601	OSBPL10	114884
MXI1	4601	OAF	220323
MXI1	4601	NXT1	29107
MXI1	4601	NUP37	79023
MXI1	4601	NTSR2	23620
MXI1	4601	NTRK1	4914
MXI1	4601	NT5DC2	64943
MXI1	4601	NRM	11270
MXI1	4601	NID1	4811
MXI1	4601	NET1	10276
MXI1	4601	NEFH	4744
MXI1	4601	NDUFA4L2	56901
MXI1	4601	NBEA	26960
MXI1	4601	MYL12A	10627
MXI1	4601	MYH7B	57644
MXI1	4601	MYD88	4615
MXI1	4601	MYCBP2	23077
MXI1	4601	MXD3	83463
MXI1	4601	MRPL36	64979
MXI1	4601	MLL	4297
MXI1	4601	MLF1IP	79682
MXI1	4601	MIF	4282
MXI1	4601	MEST	4232
MXI1	4601	MDN1	23195
MXI1	4601	MDM2	4193
MXI1	4601	MATK	4145
MXI1	4601	MARCH9	92979
MXI1	4601	MAPT	4137
MXI1	4601	MAP7	9053
MXI1	4601	MAL2	114569
MXI1	4601	LRRC61	65999
MXI1	4601	LENG9	94059
MXI1	4601	LDHA	3939
MXI1	4601	LCN12	286256
MXI1	4601	KMO	8564
MXI1	4601	KIF26A	26153
MXI1	4601	KDELC1	79070
MXI1	4601	KCNN4	3783
MXI1	4601	KCNN3	3782
MXI1	4601	KCNN1	3780
MXI1	4601	KCNH4	23415
MXI1	4601	KCNAB2	8514
MXI1	4601	JMY	133746
MXI1	4601	ITGB1	3688
MXI1	4601	ITGA7	3679
MXI1	4601	ISG20	3669
MXI1	4601	IMPA2	3613
MXI1	4601	IGF2BP3	10643
MXI1	4601	IGF1R	3480
MXI1	4601	HTATIP2	10553
MXI1	4601	HSF2BP	11077
MXI1	4601	HSD3B7	80270
MXI1	4601	HSD11B2	3291
MXI1	4601	HPD	3242
MXI1	4601	HOXD9	3235
MXI1	4601	HOXD10	3236
MXI1	4601	HOXD1	3231
MXI1	4601	HOXB7	3217
MXI1	4601	HOXB4	3214
MXI1	4601	HOXB3	3213
MXI1	4601	HOXA5	3202
MXI1	4601	HOXA4	3201
MXI1	4601	HOXA3	3200
MXI1	4601	HMOX1	3162
MXI1	4601	HMGA2	8091
MXI1	4601	HES6	55502
MXI1	4601	GSTO2	119391
MXI1	4601	GSDMD	79792
MXI1	4601	GPRC5B	51704
MXI1	4601	GNAL	2774
MXI1	4601	GNAI1	2770
MXI1	4601	GLUD1	2746
MXI1	4601	GLRX	2745
MXI1	4601	GIMAP2	26157
MXI1	4601	GEMIN7	79760
MXI1	4601	GCSH	2653
MXI1	4601	GBE1	2632
MXI1	4601	GAS1	2619
MXI1	4601	GADD45G	10912
MXI1	4601	G0S2	50486
MXI1	4601	FTL	2512
MXI1	4601	FKBP9L	360132
MXI1	4601	FKBP11	51303
MXI1	4601	FKBP10	60681
MXI1	4601	FGFRL1	53834
MXI1	4601	FERMT1	55612
MXI1	4601	FCHSD2	9873
MXI1	4601	FASN	2194
MXI1	4601	FANCD2	2177
MXI1	4601	FAM90A1	55138
MXI1	4601	FAM78B	149297
MXI1	4601	FAM63B	54629
MXI1	4601	FAM46B	115572
MXI1	4601	FAM26F	441168
MXI1	4601	FAM131C	348487
MXI1	4601	EZH2	2146
MXI1	4601	EXPH5	23086
MXI1	4601	ESYT3	83850
MXI1	4601	EN2	2020
MXI1	4601	EN1	2019
MXI1	4601	EMP3	2014
MXI1	4601	ELF4	2000
MXI1	4601	ELAVL3	1995
MXI1	4601	EIF4EBP1	1978
MXI1	4601	EEPD1	80820
MXI1	4601	DYRK3	8444
MXI1	4601	DYNLT1	6993
MXI1	4601	DUSP5	1847
MXI1	4601	DUSP23	54935
MXI1	4601	DTYMK	1841
MXI1	4601	DNAJC22	79962
MXI1	4601	DLX2	1746
MXI1	4601	DLL3	10683
MXI1	4601	DLG2	1740
MXI1	4601	DERL3	91319
MXI1	4601	DDOST	1650
MXI1	4601	DDN	23109
MXI1	4601	CYTIP	9595
MXI1	4601	CTHRC1	115908
MXI1	4601	CTF1	1489
MXI1	4601	CSDA	8531
MXI1	4601	CRABP2	1382
MXI1	4601	CPNE7	27132
MXI1	4601	CPEB1	64506
MXI1	4601	COMMD10	51397
MXI1	4601	COL25A1	84570
MXI1	4601	CNPY1	285888
MXI1	4601	CMC1	152100
MXI1	4601	CLIC4	25932
MXI1	4601	CLIC1	1192
MXI1	4601	CKLF	51192
MXI1	4601	CHRM1	1128
MXI1	4601	CHIC2	26511
MXI1	4601	CENPM	79019
MXI1	4601	CENPF	1063
MXI1	4601	CENPE	1062
MXI1	4601	CELSR3	1951
MXI1	4601	CEBPB	1051
MXI1	4601	CDKN2C	1031
MXI1	4601	CDK4	1019
MXI1	4601	CDCA7	83879
MXI1	4601	CDCA4	55038
MXI1	4601	CD63	967
MXI1	4601	CD38	952
MXI1	4601	CD300A	11314
MXI1	4601	CD164	8763
MXI1	4601	CCNB1	891
MXI1	4601	CCL5	6352
MXI1	4601	CCK	885
MXI1	4601	CCDC8	83987
MXI1	4601	CBS	875
MXI1	4601	CBR1	873
MXI1	4601	CBLN1	869
MXI1	4601	CASP8	841
MXI1	4601	CARD14	79092
MXI1	4601	CAPG	822
MXI1	4601	CAMKK1	84254
MXI1	4601	CAMK2G	818
MXI1	4601	CABLES1	91768
MXI1	4601	C22orf46	79640
MXI1	4601	C2	717
MXI1	4601	C19orf48	84798
MXI1	4601	C19orf40	91442
MXI1	4601	C17orf96	100170841
MXI1	4601	BZRAP1	9256
MXI1	4601	BUB1B	701
MXI1	4601	BATF3	55509
MXI1	4601	ASPHD1	253982
MXI1	4601	ASL	435
MXI1	4601	ASB13	79754
MXI1	4601	ARHGAP22	58504
MXI1	4601	ALG6	29929
MXI1	4601	ALDOC	230
MXI1	4601	ALDH5A1	7915
MXI1	4601	AKAP11	11215
MXI1	4601	AGTRAP	57085
MXI1	4601	ADSSL1	122622
MXI1	4601	ADHFE1	137872
MXI1	4601	ACY3	91703
MXI1	4601	ACVR2B	93
MXI1	4601	ACTL6A	86
MXI1	4601	ACADSB	36
MXI1	4601	ABCA17P	650655
MIF	4282	VEGFA	7422
MIF	4282	UPF2	26019
MIF	4282	TMEFF2	23671
MIF	4282	TIMM8B	26521
MIF	4282	TACC3	10460
MIF	4282	ST14	6768
MIF	4282	SPTAN1	6709
MIF	4282	SPAG4	6676
MIF	4282	SMO	6608
MIF	4282	SMAD7	4092
MIF	4282	SIDT1	54847
MIF	4282	SHANK1	50944
MIF	4282	SEMA4A	64218
MIF	4282	SATB1	6304
MIF	4282	RXRG	6258
MIF	4282	RP1-177G6.2	286411
MIF	4282	RDH5	5959
MIF	4282	PPFIA2	8499
MIF	4282	PODNL1	79883
MIF	4282	PLEKHB1	58473
MIF	4282	PLCB4	5332
MIF	4282	PEA15	8682
MIF	4282	PDZD4	57595
MIF	4282	PC	5091
MIF	4282	NPR1	4881
MIF	4282	NID2	22795
MIF	4282	NEGR1	257194
MIF	4282	NDRG4	65009
MIF	4282	METTL7B	196410
MIF	4282	MET	4233
MIF	4282	MARCH4	57574
MIF	4282	LOXL1	4016
MIF	4282	KIAA1161	57462
MIF	4282	KDELR1	10945
MIF	4282	KCNN3	3782
MIF	4282	KCNK12	56660
MIF	4282	KCNK10	54207
MIF	4282	KCNA5	3741
MIF	4282	KALRN	8997
MIF	4282	ITGA4	3676
MIF	4282	ISM1	140862
MIF	4282	IGFBP4	3487
MIF	4282	HSPB6	126393
MIF	4282	HRH3	11255
MIF	4282	GRM3	2913
MIF	4282	GRID2	2895
MIF	4282	GPR45	11250
MIF	4282	FLJ90757	440465
MIF	4282	FBXL16	146330
MIF	4282	FAM167A	83648
MIF	4282	EPHA3	2042
MIF	4282	DNAH1	25981
MIF	4282	DHRS2	10202
MIF	4282	CYR61	3491
MIF	4282	CDH6	1004
MIF	4282	CD44	960
MIF	4282	CALN1	83698
MIF	4282	CADM2	253559
MIF	4282	CA7	766
MIF	4282	C2	717
MIF	4282	C1orf135	79000
MIF	4282	BMP2	650
MIF	4282	ADRA1A	148
MIF	4282	ABI3BP	25890
MAPK13	5603	IL8	3576
IRF1	3659	ZYX	7791
IRF1	3659	ZNF536	9745
IRF1	3659	ZCCHC24	219654
IRF1	3659	VSTM2B	342865
IRF1	3659	UBD	10537
IRF1	3659	TRPM3	80036
IRF1	3659	TOM1L1	10040
IRF1	3659	THRA	7067
IRF1	3659	TGIF1	7050
IRF1	3659	TBX15	6913
IRF1	3659	SP8	221833
IRF1	3659	SOX6	55553
IRF1	3659	SORBS1	10580
IRF1	3659	SERPINI1	5274
IRF1	3659	SAT1	6303
IRF1	3659	SAMD9L	219285
IRF1	3659	RUNX1T1	862
IRF1	3659	RIMS2	9699
IRF1	3659	RHOH	399
IRF1	3659	RGS7BP	401190
IRF1	3659	RCAN1	1827
IRF1	3659	PPP1R1A	5502
IRF1	3659	PCDH7	5099
IRF1	3659	PANK1	53354
IRF1	3659	OTX1	5013
IRF1	3659	OSM	5008
IRF1	3659	NOL4	8715
IRF1	3659	NETO1	81832
IRF1	3659	MOXD1	26002
IRF1	3659	MLLT6	4302
IRF1	3659	MEOX2	4223
IRF1	3659	LOC150568	150568
IRF1	3659	KYNU	8942
IRF1	3659	KCNN2	3781
IRF1	3659	ISG15	9636
IRF1	3659	INSM2	84684
IRF1	3659	IL6	3569
IRF1	3659	IKBIP	121457
IRF1	3659	HOXA3	3200
IRF1	3659	HOXA11	3207
IRF1	3659	HLX	3142
IRF1	3659	GEMIN7	79760
IRF1	3659	GDF10	2662
IRF1	3659	FOXO4	4303
IRF1	3659	FEZF2	55079
IRF1	3659	FAM46A	55603
IRF1	3659	FAM26F	441168
IRF1	3659	FAM133A	286499
IRF1	3659	F3	2152
IRF1	3659	EYA1	2138
IRF1	3659	DLX1	1745
IRF1	3659	CXCL11	6373
IRF1	3659	CXCL10	3627
IRF1	3659	COL4A1	1282
IRF1	3659	COL3A1	1281
IRF1	3659	CACNA1C	775
IRF1	3659	C1orf54	79630
IRF1	3659	C1R	715
IRF1	3659	BST2	684
IRF1	3659	ATF3	467
IRF1	3659	ASF1B	55723
IRF1	3659	AP1S3	130340
IRF1	3659	ADAMTSL4	54507
HOXD9	3235	HOXD9	3235
HOXD3	3232	ITGB3	3690
HOXD3	3232	ITGB1	3688
HOXD3	3232	ITGA5	3678
HOXD10	3236	HOXD9	3235
HOXB7	3217	FGF13	2258
HOXA9	3205	ZBTB20	26137
HOXA9	3205	SYT13	57586
HOXA9	3205	SYBU	55638
HOXA9	3205	SGK196	84197
HOXA9	3205	SCAPER	49855
HOXA9	3205	SATB1	6304
HOXA9	3205	PRRT1	80863
HOXA9	3205	PRKCZ	5590
HOXA9	3205	PHF21B	112885
HOXA9	3205	PCSK2	5126
HOXA9	3205	PCDH18	54510
HOXA9	3205	NTRK2	4915
HOXA9	3205	NTM	50863
HOXA9	3205	NOTUM	147111
HOXA9	3205	NOL4	8715
HOXA9	3205	NKD1	85407
HOXA9	3205	NID2	22795
HOXA9	3205	MAST4	375449
HOXA9	3205	LOC440040	440040
HOXA9	3205	KIAA0754	643314
HOXA9	3205	KCNIP2	30819
HOXA9	3205	ITGA5	3678
HOXA9	3205	ITGA3	3675
HOXA9	3205	HSPB7	27129
HOXA9	3205	HOXD9	3235
HOXA9	3205	HNF4G	3174
HOXA9	3205	HERC1	8925
HOXA9	3205	GRM5	2915
HOXA9	3205	GPR45	11250
HOXA9	3205	GMFG	9535
HOXA9	3205	FAP	2191
HOXA9	3205	FAM133A	286499
HOXA9	3205	FABP7	2173
HOXA9	3205	ERC2	26059
HOXA9	3205	DOCK3	1795
HOXA9	3205	DLGAP3	58512
HOXA9	3205	CXorf1	9142
HOXA9	3205	CRHBP	1393
HOXA9	3205	CORO6	84940
HOXA9	3205	CNTNAP5	129684
HOXA9	3205	CCDC129	223075
HOXA9	3205	CALB1	793
HOXA9	3205	CACNA2D1	781
HOXA9	3205	BAI3	577
HOXA9	3205	ARPP21	10777
HOXA9	3205	ANGPT1	284
HOXA5	3202	NCAM1	4684
HOXA10	3206	ITGB3	3690
HLF	3131	WEE1	7465
HLF	3131	VIM	7431
HLF	3131	TMEM196	256130
HLF	3131	TMEM154	201799
HLF	3131	TCTEX1D1	200132
HLF	3131	SORBS1	10580
HLF	3131	SNAP91	9892
HLF	3131	SLC24A2	25769
HLF	3131	SATB1	6304
HLF	3131	RPA3	6119
HLF	3131	RNF39	80352
HLF	3131	RGR	5995
HLF	3131	REM1	28954
HLF	3131	RAB11FIP2	22841
HLF	3131	PSPH	5723
HLF	3131	POSTN	10631
HLF	3131	PLOD2	5352
HLF	3131	PEA15	8682
HLF	3131	PDE1A	5136
HLF	3131	PCSK2	5126
HLF	3131	PCDHGB5	56101
HLF	3131	PCDHGB4	8641
HLF	3131	OTX1	5013
HLF	3131	NOS1AP	9722
HLF	3131	NGEF	25791
HLF	3131	NDST3	9348
HLF	3131	MXI1	4601
HLF	3131	MRC2	9902
HLF	3131	MAP7D2	256714
HLF	3131	MAL2	114569
HLF	3131	KCNJ3	3760
HLF	3131	ITGA1	3672
HLF	3131	HS6ST3	266722
HLF	3131	HOXB2	3212
HLF	3131	HOXA5	3202
HLF	3131	GRIK2	2898
HLF	3131	GPR61	83873
HLF	3131	FSTL5	56884
HLF	3131	FOSL1	8061
HLF	3131	FN1	2335
HLF	3131	FLJ90757	440465
HLF	3131	FILIP1L	11259
HLF	3131	FBXW4	6468
HLF	3131	FAM171A2	284069
HLF	3131	EYA1	2138
HLF	3131	DNAJC6	9829
HLF	3131	DLG2	1740
HLF	3131	CP	1356
HLF	3131	CORO6	84940
HLF	3131	COL8A1	1295
HLF	3131	COL15A1	1306
HLF	3131	CNTN3	5067
HLF	3131	CHST2	9435
HLF	3131	CDK5R1	8851
HLF	3131	CABLES1	91768
HLF	3131	C17orf96	100170841
HLF	3131	ARPC5	10092
HLF	3131	ANO1	55107
GLI1	2735	WNT7B	7477
GLI1	2735	WNT3	7473
GLI1	2735	WNT16	51384
GLI1	2735	WNT10B	7480
GLI1	2735	PTCH1	5727
GLI1	2735	GLI1	2735
GLI1	2735	BMP2	650
FOXO4	4303	ZNF469	84627
FOXO4	4303	ZC3H12B	340554
FOXO4	4303	ZBTB20	26137
FOXO4	4303	VASN	114990
FOXO4	4303	VAMP5	10791
FOXO4	4303	UNC5A	90249
FOXO4	4303	TNK2	10188
FOXO4	4303	TMEM100	55273
FOXO4	4303	TLL1	7092
FOXO4	4303	THRA	7067
FOXO4	4303	TFAP4	7023
FOXO4	4303	TEF	7008
FOXO4	4303	TBX15	6913
FOXO4	4303	SRPX	8406
FOXO4	4303	SOD3	6649
FOXO4	4303	SMAD7	4092
FOXO4	4303	RPS2P32	256355
FOXO4	4303	RNF39	80352
FOXO4	4303	RICTOR	253260
FOXO4	4303	PTCHD2	57540
FOXO4	4303	PTCH1	5727
FOXO4	4303	PSTPIP1	9051
FOXO4	4303	PROX1	5629
FOXO4	4303	POLR2L	5441
FOXO4	4303	PLAU	5328
FOXO4	4303	PHLPP1	23239
FOXO4	4303	PEA15	8682
FOXO4	4303	PDZD7	79955
FOXO4	4303	PCDHB18	54660
FOXO4	4303	PCDH11Y	83259
FOXO4	4303	PAIP2B	400961
FOXO4	4303	NOS1AP	9722
FOXO4	4303	NOL4	8715
FOXO4	4303	NOG	9241
FOXO4	4303	NEBL	10529
FOXO4	4303	NDST4	64579
FOXO4	4303	NCOA2	10499
FOXO4	4303	NAT1	9
FOXO4	4303	MYOZ2	51778
FOXO4	4303	MXRA8	54587
FOXO4	4303	MXI1	4601
FOXO4	4303	MSMP	692094
FOXO4	4303	MAST4	375449
FOXO4	4303	MARCH8	220972
FOXO4	4303	LYZ	4069
FOXO4	4303	LSR	51599
FOXO4	4303	LRRTM4	80059
FOXO4	4303	LOX	4015
FOXO4	4303	LOC150568	150568
FOXO4	4303	LHPP	64077
FOXO4	4303	KLHL11	55175
FOXO4	4303	KIF20A	10112
FOXO4	4303	KIAA0319	9856
FOXO4	4303	KIAA0040	9674
FOXO4	4303	KHDRBS2	202559
FOXO4	4303	KCNK10	54207
FOXO4	4303	KCNIP2	30819
FOXO4	4303	KCNA2	3737
FOXO4	4303	JAG1	182
FOXO4	4303	ITPRIPL1	150771
FOXO4	4303	IGF2BP3	10643
FOXO4	4303	IGF1R	3480
FOXO4	4303	HOXB4	3214
FOXO4	4303	HOXB3	3213
FOXO4	4303	HOXA9	3205
FOXO4	4303	HOXA10	3206
FOXO4	4303	H2AFY2	55506
FOXO4	4303	GSDMD	79792
FOXO4	4303	GCNT1	2650
FOXO4	4303	GABRA1	2554
FOXO4	4303	FRMPD4	9758
FOXO4	4303	DIAPH3	81624
FOXO4	4303	DACH2	117154
FOXO4	4303	CXXC4	80319
FOXO4	4303	CTXN3	613212
FOXO4	4303	CPEB1	64506
FOXO4	4303	COL5A2	1290
FOXO4	4303	CLVS2	134829
FOXO4	4303	CHRM4	1132
FOXO4	4303	CDK5R1	8851
FOXO4	4303	CDH12	1010
FOXO4	4303	CACNA1E	777
FOXO4	4303	CACNA1D	776
FOXO4	4303	CABLES1	91768
FOXO4	4303	C19orf48	84798
FOXO4	4303	BIRC3	330
FOXO4	4303	AP3B2	8120
FOXO4	4303	ANO1	55107
FOXO4	4303	AKAP9	10142
FOXO4	4303	ADM	133
FOXO4	4303	ADAM12	8038
FOXO4	4303	ABI3BP	25890
FOXO3B	2310	ZWILCH	55055
FOXO3B	2310	ZBTB20	26137
FOXO3B	2310	WWTR1	25937
FOXO3B	2310	VAMP5	10791
FOXO3B	2310	UNC5A	90249
FOXO3B	2310	TYMP	1890
FOXO3B	2310	TSPAN4	7106
FOXO3B	2310	TNK2	10188
FOXO3B	2310	THRA	7067
FOXO3B	2310	TGIF1	7050
FOXO3B	2310	TFAP4	7023
FOXO3B	2310	ST18	9705
FOXO3B	2310	SOD3	6649
FOXO3B	2310	SNX22	79856
FOXO3B	2310	SMAD7	4092
FOXO3B	2310	SLC24A2	25769
FOXO3B	2310	SHOX2	6474
FOXO3B	2310	SCN3A	6328
FOXO3B	2310	RUNX1T1	862
FOXO3B	2310	RICTOR	253260
FOXO3B	2310	RAPGEF3	10411
FOXO3B	2310	PRSS23	11098
FOXO3B	2310	PROX1	5629
FOXO3B	2310	PLAU	5328
FOXO3B	2310	PHLPP1	23239
FOXO3B	2310	PELI2	57161
FOXO3B	2310	PDZD7	79955
FOXO3B	2310	PCDH11Y	83259
FOXO3B	2310	NOL4	8715
FOXO3B	2310	NOG	9241
FOXO3B	2310	NEFM	4741
FOXO3B	2310	MXI1	4601
FOXO3B	2310	MARCH8	220972
FOXO3B	2310	LOX	4015
FOXO3B	2310	LOC254559	254559
FOXO3B	2310	LOC150568	150568
FOXO3B	2310	LHFPL1	340596
FOXO3B	2310	KIF20A	10112
FOXO3B	2310	KIAA0040	9674
FOXO3B	2310	KCNIP2	30819
FOXO3B	2310	ITGA3	3675
FOXO3B	2310	IL1RAPL1	11141
FOXO3B	2310	IGF2BP3	10643
FOXO3B	2310	IGF1R	3480
FOXO3B	2310	HOXB3	3213
FOXO3B	2310	GFRA1	2674
FOXO3B	2310	GABRA1	2554
FOXO3B	2310	ERMN	57471
FOXO3B	2310	EPHB6	2051
FOXO3B	2310	DOCK3	1795
FOXO3B	2310	DNAJC6	9829
FOXO3B	2310	DIAPH3	81624
FOXO3B	2310	CUX2	23316
FOXO3B	2310	CTXN3	613212
FOXO3B	2310	COL5A2	1290
FOXO3B	2310	CLVS2	134829
FOXO3B	2310	CD2	914
FOXO3B	2310	CACNA1E	777
FOXO3B	2310	CACNA1D	776
FOXO3B	2310	ANO1	55107
FOXO3B	2310	AMOT	154796
FOXO3B	2310	ADAM12	8038
FOXO3B	2310	ABI3BP	25890
FOSL1	8061	ZYX	7791
FOSL1	8061	ZC3H12A	80149
FOSL1	8061	VPS13D	55187
FOSL1	8061	VDR	7421
FOSL1	8061	TUBB6	84617
FOSL1	8061	TLL1	7092
FOSL1	8061	TFPI2	7980
FOSL1	8061	STBD1	8987
FOSL1	8061	SNCG	6623
FOSL1	8061	SMO	6608
FOSL1	8061	SLC26A1	10861
FOSL1	8061	SLC24A2	25769
FOSL1	8061	SLC22A18	5002
FOSL1	8061	SHC3	53358
FOSL1	8061	SFTPC	6440
FOSL1	8061	SFRP4	6424
FOSL1	8061	SERTAD1	29950
FOSL1	8061	SEPT4	5414
FOSL1	8061	S100A4	6275
FOSL1	8061	S100A3	6274
FOSL1	8061	S100A2	6273
FOSL1	8061	RTN4RL1	146760
FOSL1	8061	RIN1	9610
FOSL1	8061	RIMS3	9783
FOSL1	8061	REXO2	25996
FOSL1	8061	RAB27B	5874
FOSL1	8061	PTPRR	5801
FOSL1	8061	PTN	5764
FOSL1	8061	PRX	57716
FOSL1	8061	PROCR	10544
FOSL1	8061	PPP1R9A	55607
FOSL1	8061	PLP2	5355
FOSL1	8061	PHLDA2	7262
FOSL1	8061	PCSK6	5046
FOSL1	8061	P2RY6	5031
FOSL1	8061	OSBPL10	114884
FOSL1	8061	NTS	4922
FOSL1	8061	NPTX2	4885
FOSL1	8061	NPAS4	266743
FOSL1	8061	NDRG4	65009
FOSL1	8061	MMP9	4318
FOSL1	8061	MMP7	4316
FOSL1	8061	MAP2	4133
FOSL1	8061	LSP1	4046
FOSL1	8061	LRRN4CL	221091
FOSL1	8061	LOC541471	541471
FOSL1	8061	LHX6	26468
FOSL1	8061	LDB3	11155
FOSL1	8061	KIF5A	3798
FOSL1	8061	KIF14	9928
FOSL1	8061	KCNK9	51305
FOSL1	8061	KCNK10	54207
FOSL1	8061	KCNH3	23416
FOSL1	8061	ITGA7	3679
FOSL1	8061	HTATIP2	10553
FOSL1	8061	HSPB6	126393
FOSL1	8061	HSPA12A	259217
FOSL1	8061	HPCAL4	51440
FOSL1	8061	HOXD10	3236
FOSL1	8061	HLA-DPA1	3113
FOSL1	8061	HIC1	3090
FOSL1	8061	GRHL3	57822
FOSL1	8061	GAN	8139
FOSL1	8061	FTL	2512
FOSL1	8061	FOSL1	8061
FOSL1	8061	FAM180A	389558
FOSL1	8061	FAM131C	348487
FOSL1	8061	F3	2152
FOSL1	8061	EYA1	2138
FOSL1	8061	DUSP4	1846
FOSL1	8061	CXCL14	9547
FOSL1	8061	CRABP2	1382
FOSL1	8061	CPNE8	144402
FOSL1	8061	COL5A1	1289
FOSL1	8061	CLIC1	1192
FOSL1	8061	CLCF1	23529
FOSL1	8061	CHST8	64377
FOSL1	8061	CHI3L1	1116
FOSL1	8061	CCDC64	92558
FOSL1	8061	CAMKV	79012
FOSL1	8061	CA4	762
FOSL1	8061	ASB5	140458
FOSL1	8061	AQP1	358
FOSL1	8061	ANXA3	306
FOSL1	8061	ANO1	55107
FOSL1	8061	ANK3	288
FOSL1	8061	ADRA1A	148
FOSL1	8061	ADARB2	105
EGR4	1961	TNF	7124
E2F7	144455	ZNF804A	91752
E2F7	144455	ZMAT1	84460
E2F7	144455	XKR7	343702
E2F7	144455	WDR62	284403
E2F7	144455	USP49	25862
E2F7	144455	UBE2S	27338
E2F7	144455	TYMP	1890
E2F7	144455	TP53I13	90313
E2F7	144455	TLL1	7092
E2F7	144455	TFAP4	7023
E2F7	144455	TCEAL5	340543
E2F7	144455	TACC3	10460
E2F7	144455	SYP	6855
E2F7	144455	SYNGR3	9143
E2F7	144455	SYNE1	23345
E2F7	144455	SV2B	9899
E2F7	144455	SULT4A1	25830
E2F7	144455	SSBP3	23648
E2F7	144455	SPRY2	10253
E2F7	144455	SPOCK3	50859
E2F7	144455	SPHK1	8877
E2F7	144455	SP8	221833
E2F7	144455	SP6	80320
E2F7	144455	SORL1	6653
E2F7	144455	SORCS2	57537
E2F7	144455	SMC4	10051
E2F7	144455	SLITRK1	114798
E2F7	144455	SLC20A1	6574
E2F7	144455	SDC1	6382
E2F7	144455	SCN8A	6334
E2F7	144455	RTN4R	65078
E2F7	144455	RLTPR	146206
E2F7	144455	RIMS2	9699
E2F7	144455	RHOC	389
E2F7	144455	RET	5979
E2F7	144455	RCOR2	283248
E2F7	144455	RAD51	5888
E2F7	144455	PVRL1	5818
E2F7	144455	PTPRB	5787
E2F7	144455	PRRT2	112476
E2F7	144455	PRPS2	5634
E2F7	144455	PROX1	5629
E2F7	144455	PRLHR	2834
E2F7	144455	PRKCE	5581
E2F7	144455	PRDM8	56978
E2F7	144455	PPP1R12B	4660
E2F7	144455	PPCS	79717
E2F7	144455	PHYHIPL	84457
E2F7	144455	PDGFA	5154
E2F7	144455	PCSK2	5126
E2F7	144455	PCNA	5111
E2F7	144455	PCDH7	5099
E2F7	144455	PCDH18	54510
E2F7	144455	OTX1	5013
E2F7	144455	NRGN	4900
E2F7	144455	NOG	9241
E2F7	144455	NETO1	81832
E2F7	144455	MYOZ3	91977
E2F7	144455	MYL3	4634
E2F7	144455	MYBL2	4605
E2F7	144455	MXD3	83463
E2F7	144455	MELK	9833
E2F7	144455	MCM6	4175
E2F7	144455	MCM10	55388
E2F7	144455	MAPT	4137
E2F7	144455	MAPK8IP3	23162
E2F7	144455	LRRC4	64101
E2F7	144455	LOC389332	389332
E2F7	144455	LATS2	26524
E2F7	144455	KCNS2	3788
E2F7	144455	KCNQ3	3786
E2F7	144455	KCND2	3751
E2F7	144455	KCNC1	3746
E2F7	144455	ITGA3	3675
E2F7	144455	IRX5	10265
E2F7	144455	IL4I1	259307
E2F7	144455	IL1RAPL1	11141
E2F7	144455	IGFBP3	3486
E2F7	144455	IGF2	3481
E2F7	144455	IGF1R	3480
E2F7	144455	IER5L	389792
E2F7	144455	HS6ST3	266722
E2F7	144455	HOXC10	3226
E2F7	144455	HOXB7	3217
E2F7	144455	HOXA10	3206
E2F7	144455	HMGB2	3148
E2F7	144455	HCN4	10021
E2F7	144455	HAMP	57817
E2F7	144455	GRM7	2917
E2F7	144455	GRIN3A	116443
E2F7	144455	GPRC5B	51704
E2F7	144455	GPR158	57512
E2F7	144455	GLUD1	2746
E2F7	144455	GLT25D1	79709
E2F7	144455	GLRA3	8001
E2F7	144455	GINS1	9837
E2F7	144455	GAD1	2571
E2F7	144455	FPGT	8790
E2F7	144455	FCHSD1	89848
E2F7	144455	FBXW4	6468
E2F7	144455	FBXO2	26232
E2F7	144455	FBLN1	2192
E2F7	144455	FAM72D	728833
E2F7	144455	FAM64A	54478
E2F7	144455	FAM155A	728215
E2F7	144455	EN2	2020
E2F7	144455	ELAVL4	1996
E2F7	144455	ECEL1	9427
E2F7	144455	E2F1	1869
E2F7	144455	DUSP4	1846
E2F7	144455	DTL	51514
E2F7	144455	CYP19A1	1588
E2F7	144455	CREG2	200407
E2F7	144455	CRABP1	1381
E2F7	144455	CNNM1	26507
E2F7	144455	CLIC1	1192
E2F7	144455	CHRM4	1132
E2F7	144455	CENPM	79019
E2F7	144455	CELF4	56853
E2F7	144455	CDK5R1	8851
E2F7	144455	CDCA7	83879
E2F7	144455	CDC6	990
E2F7	144455	CDC25A	993
E2F7	144455	CD151	977
E2F7	144455	CBX6	23466
E2F7	144455	CAMK2A	815
E2F7	144455	CA2	760
E2F7	144455	C2CD4C	126567
E2F7	144455	C1orf95	375057
E2F7	144455	C17orf102	400591
E2F7	144455	BSPRY	54836
E2F7	144455	BRSK2	9024
E2F7	144455	ATP8B5P	158381
E2F7	144455	ATP2C2	9914
E2F7	144455	ATP10A	57194
E2F7	144455	ATF5	22809
E2F7	144455	ARSJ	79642
E2F7	144455	ARRDC3	57561
E2F7	144455	ARHGAP36	158763
E2F7	144455	ARHGAP11A	9824
E2F7	144455	ADM	133
E2F7	144455	ADCY1	107
E2F7	144455	ADAMTS19	171019
E2F2	1870	ZNF804A	91752
E2F2	1870	ZMAT1	84460
E2F2	1870	YIPF1	54432
E2F2	1870	XKR7	343702
E2F2	1870	WDR62	284403
E2F2	1870	USP49	25862
E2F2	1870	UBE2S	27338
E2F2	1870	TYMP	1890
E2F2	1870	TP73	7161
E2F2	1870	TP53I13	90313
E2F2	1870	TNFRSF10D	8793
E2F2	1870	TLL1	7092
E2F2	1870	TGFB2	7042
E2F2	1870	TFAP4	7023
E2F2	1870	TCEAL5	340543
E2F2	1870	TACC3	10460
E2F2	1870	SYP	6855
E2F2	1870	SYNGR3	9143
E2F2	1870	SYNE1	23345
E2F2	1870	SV2B	9899
E2F2	1870	SULT4A1	25830
E2F2	1870	STXBP5L	9515
E2F2	1870	STXBP1	6812
E2F2	1870	SSTR1	6751
E2F2	1870	SSBP3	23648
E2F2	1870	SPRY2	10253
E2F2	1870	SPOCK3	50859
E2F2	1870	SPHK1	8877
E2F2	1870	SP8	221833
E2F2	1870	SP6	80320
E2F2	1870	SORL1	6653
E2F2	1870	SORCS2	57537
E2F2	1870	SMC4	10051
E2F2	1870	SLITRK1	114798
E2F2	1870	SLC2A3	6515
E2F2	1870	SLC2A13	114134
E2F2	1870	SLC20A1	6574
E2F2	1870	SERPINE1	5054
E2F2	1870	SDC1	6382
E2F2	1870	RTN4R	65078
E2F2	1870	RLTPR	146206
E2F2	1870	RIMS2	9699
E2F2	1870	RHOC	389
E2F2	1870	RET	5979
E2F2	1870	RCOR2	283248
E2F2	1870	PVRL1	5818
E2F2	1870	PTPRB	5787
E2F2	1870	PTGS2	5743
E2F2	1870	PRRT2	112476
E2F2	1870	PRPS2	5634
E2F2	1870	PROX1	5629
E2F2	1870	PRLHR	2834
E2F2	1870	PRKCE	5581
E2F2	1870	PRDM8	56978
E2F2	1870	PPP1R3E	90673
E2F2	1870	PPP1R12B	4660
E2F2	1870	PPCS	79717
E2F2	1870	POLE2	5427
E2F2	1870	PLAUR	5329
E2F2	1870	PLAU	5328
E2F2	1870	PHYHIPL	84457
E2F2	1870	PDGFA	5154
E2F2	1870	PCSK2	5126
E2F2	1870	PCOLCE	5118
E2F2	1870	PCNA	5111
E2F2	1870	PCDH7	5099
E2F2	1870	PCDH18	54510
E2F2	1870	OTX1	5013
E2F2	1870	OAS2	4939
E2F2	1870	NRGN	4900
E2F2	1870	NOG	9241
E2F2	1870	NETO1	81832
E2F2	1870	NEK2	4751
E2F2	1870	MYOZ3	91977
E2F2	1870	MYL3	4634
E2F2	1870	MYL12A	10627
E2F2	1870	MYBL2	4605
E2F2	1870	MXI1	4601
E2F2	1870	MXD3	83463
E2F2	1870	MKX	283078
E2F2	1870	MELK	9833
E2F2	1870	MCM6	4175
E2F2	1870	MCM10	55388
E2F2	1870	MAPT	4137
E2F2	1870	MAPK8IP3	23162
E2F2	1870	LRRC4	64101
E2F2	1870	LOC389332	389332
E2F2	1870	LATS2	26524
E2F2	1870	KCNS2	3788
E2F2	1870	KCNQ3	3786
E2F2	1870	KCND2	3751
E2F2	1870	KCNC1	3746
E2F2	1870	ITGA3	3675
E2F2	1870	IRX5	10265
E2F2	1870	IL4I1	259307
E2F2	1870	IL1RAPL1	11141
E2F2	1870	IGF2	3481
E2F2	1870	IGF1R	3480
E2F2	1870	IER5L	389792
E2F2	1870	HS6ST3	266722
E2F2	1870	HOXC10	3226
E2F2	1870	HOXB7	3217
E2F2	1870	HOXA10	3206
E2F2	1870	HMGB2	3148
E2F2	1870	HCN4	10021
E2F2	1870	HAMP	57817
E2F2	1870	GRM7	2917
E2F2	1870	GRIN3A	116443
E2F2	1870	GRIA4	2893
E2F2	1870	GPRC5B	51704
E2F2	1870	GPR158	57512
E2F2	1870	GLUD1	2746
E2F2	1870	GLT25D1	79709
E2F2	1870	GLRA3	8001
E2F2	1870	GINS1	9837
E2F2	1870	GCHFR	2644
E2F2	1870	GAD1	2571
E2F2	1870	FPGT	8790
E2F2	1870	FCHSD1	89848
E2F2	1870	FBXW4	6468
E2F2	1870	FBXO2	26232
E2F2	1870	FBLN1	2192
E2F2	1870	FAM72D	728833
E2F2	1870	FAM64A	54478
E2F2	1870	FAM155A	728215
E2F2	1870	EN2	2020
E2F2	1870	ELAVL4	1996
E2F2	1870	ECEL1	9427
E2F2	1870	E2F1	1869
E2F2	1870	DUSP4	1846
E2F2	1870	DTL	51514
E2F2	1870	CYP19A1	1588
E2F2	1870	CREG2	200407
E2F2	1870	CRABP1	1381
E2F2	1870	CNNM1	26507
E2F2	1870	CLIC1	1192
E2F2	1870	CHRM4	1132
E2F2	1870	CENPM	79019
E2F2	1870	CELF4	56853
E2F2	1870	CDKN2C	1031
E2F2	1870	CDK5R1	8851
E2F2	1870	CDCA7	83879
E2F2	1870	CDC6	990
E2F2	1870	CDC45	8318
E2F2	1870	CDC25A	993
E2F2	1870	CD151	977
E2F2	1870	CCNE1	898
E2F2	1870	CBX6	23466
E2F2	1870	CBLN1	869
E2F2	1870	CAMK2A	815
E2F2	1870	CA2	760
E2F2	1870	C2CD4C	126567
E2F2	1870	C1orf95	375057
E2F2	1870	C1S	716
E2F2	1870	C17orf102	400591
E2F2	1870	BSPRY	54836
E2F2	1870	BRSK2	9024
E2F2	1870	ATP8B5P	158381
E2F2	1870	ATP2C2	9914
E2F2	1870	ATP10A	57194
E2F2	1870	ATF5	22809
E2F2	1870	ARSJ	79642
E2F2	1870	ARRDC3	57561
E2F2	1870	ARHGAP11A	9824
E2F2	1870	ADM	133
E2F2	1870	ADCY1	107
E2F2	1870	ADAMTS19	171019
E2F2	1870	ADAMTS14	140766
E2F1	1869	ZWILCH	55055
E2F1	1869	ZNF804A	91752
E2F1	1869	ZNF540	163255
E2F1	1869	ZMYND12	84217
E2F1	1869	ZMYND11	10771
E2F1	1869	ZMAT1	84460
E2F1	1869	YIPF1	54432
E2F1	1869	XKR7	343702
E2F1	1869	VOPP1	81552
E2F1	1869	VIM	7431
E2F1	1869	VEPH1	79674
E2F1	1869	UBE2T	29089
E2F1	1869	UBE2S	27338
E2F1	1869	TYMP	1890
E2F1	1869	TSNARE1	203062
E2F1	1869	TP73	7161
E2F1	1869	TP53I13	90313
E2F1	1869	TOP2A	7153
E2F1	1869	TMEM165	55858
E2F1	1869	TMEM159	57146
E2F1	1869	TMEM106C	79022
E2F1	1869	TMBIM1	64114
E2F1	1869	TLL1	7092
E2F1	1869	TK1	7083
E2F1	1869	TJP2	9414
E2F1	1869	TIMP1	7076
E2F1	1869	TGFB2	7042
E2F1	1869	TFAP4	7023
E2F1	1869	TCEAL5	340543
E2F1	1869	TAGLN2	8407
E2F1	1869	TACC3	10460
E2F1	1869	SYP	6855
E2F1	1869	SYNGR3	9143
E2F1	1869	SYNE1	23345
E2F1	1869	SV2B	9899
E2F1	1869	SULT4A1	25830
E2F1	1869	STYK1	55359
E2F1	1869	STK32C	282974
E2F1	1869	STIL	6491
E2F1	1869	SSTR1	6751
E2F1	1869	SSBP3	23648
E2F1	1869	SPRY2	10253
E2F1	1869	SPOCK3	50859
E2F1	1869	SPOCK1	6695
E2F1	1869	SP8	221833
E2F1	1869	SP6	80320
E2F1	1869	SORL1	6653
E2F1	1869	SORCS2	57537
E2F1	1869	SOCS3	9021
E2F1	1869	SOCS2	8835
E2F1	1869	SMYD2	56950
E2F1	1869	SLITRK1	114798
E2F1	1869	SLC45A3	85414
E2F1	1869	SLC38A1	81539
E2F1	1869	SLC35F3	148641
E2F1	1869	SLC2A3	6515
E2F1	1869	SLC2A13	114134
E2F1	1869	SLC27A3	11000
E2F1	1869	SLC14A2	8170
E2F1	1869	SIK3	23387
E2F1	1869	SHOX2	6474
E2F1	1869	SERPINE1	5054
E2F1	1869	SERINC5	256987
E2F1	1869	SDC1	6382
E2F1	1869	SCRT1	83482
E2F1	1869	SCG3	29106
E2F1	1869	SAMD11	148398
E2F1	1869	SAA2	6289
E2F1	1869	RXRG	6258
E2F1	1869	RTN4R	65078
E2F1	1869	RRM2	6241
E2F1	1869	RPA3	6119
E2F1	1869	RNFT1	51136
E2F1	1869	RLTPR	146206
E2F1	1869	RIMS2	9699
E2F1	1869	RICTOR	253260
E2F1	1869	RHOC	389
E2F1	1869	RFC2	5982
E2F1	1869	RET	5979
E2F1	1869	RCOR2	283248
E2F1	1869	RAD54L	8438
E2F1	1869	PVRL1	5818
E2F1	1869	PTPRB	5787
E2F1	1869	PTPN7	5778
E2F1	1869	PTPN5	84867
E2F1	1869	PRRT2	112476
E2F1	1869	PRR11	55771
E2F1	1869	PROX1	5629
E2F1	1869	PRLHR	2834
E2F1	1869	PRKCDBP	112464
E2F1	1869	PRICKLE3	4007
E2F1	1869	PRDM8	56978
E2F1	1869	PPP1R3E	90673
E2F1	1869	PPP1R12B	4660
E2F1	1869	PPCS	79717
E2F1	1869	POU2F1	5451
E2F1	1869	PLEKHB1	58473
E2F1	1869	PLAUR	5329
E2F1	1869	PLAU	5328
E2F1	1869	PHYHIPL	84457
E2F1	1869	PDPN	10630
E2F1	1869	PDLIM1	9124
E2F1	1869	PDK1	5163
E2F1	1869	PCSK6	5046
E2F1	1869	PCSK2	5126
E2F1	1869	PCOLCE	5118
E2F1	1869	PCDH7	5099
E2F1	1869	PCDH18	54510
E2F1	1869	PBK	55872
E2F1	1869	PARP12	64761
E2F1	1869	PAK7	57144
E2F1	1869	OTX1	5013
E2F1	1869	OSBPL10	114884
E2F1	1869	OLFML3	56944
E2F1	1869	OLFML1	283298
E2F1	1869	OAS2	4939
E2F1	1869	NXT1	29107
E2F1	1869	NUSAP1	51203
E2F1	1869	NUMA1	4926
E2F1	1869	NTNG2	84628
E2F1	1869	NRGN	4900
E2F1	1869	NPTX2	4885
E2F1	1869	NOG	9241
E2F1	1869	NFKBIZ	64332
E2F1	1869	NETO1	81832
E2F1	1869	NEK2	4751
E2F1	1869	NDRG4	65009
E2F1	1869	MYOZ3	91977
E2F1	1869	MYL3	4634
E2F1	1869	MYH7B	57644
E2F1	1869	MYH6	4624
E2F1	1869	MYBL2	4605
E2F1	1869	MXI1	4601
E2F1	1869	MRPL36	64979
E2F1	1869	MMP14	4323
E2F1	1869	MLL	4297
E2F1	1869	MKX	283078
E2F1	1869	MGC12982	84793
E2F1	1869	MELK	9833
E2F1	1869	MDM2	4193
E2F1	1869	MCM2	4171
E2F1	1869	MAPT	4137
E2F1	1869	MAPK8IP3	23162
E2F1	1869	MAP7	9053
E2F1	1869	MAP1A	4130
E2F1	1869	LRRTM1	347730
E2F1	1869	LRRC4	64101
E2F1	1869	LOXL1	4016
E2F1	1869	LOC389332	389332
E2F1	1869	LMNB1	4001
E2F1	1869	LINGO1	84894
E2F1	1869	LATS2	26524
E2F1	1869	KIF4A	24137
E2F1	1869	KIF2C	11004
E2F1	1869	KIF26A	26153
E2F1	1869	KIAA0754	643314
E2F1	1869	KDELC2	143888
E2F1	1869	KCNS2	3788
E2F1	1869	KCNQ3	3786
E2F1	1869	KCNK10	54207
E2F1	1869	KCNJ11	3767
E2F1	1869	KCND2	3751
E2F1	1869	KCNC1	3746
E2F1	1869	JMY	133746
E2F1	1869	ITGB3BP	23421
E2F1	1869	ITGA3	3675
E2F1	1869	IRX5	10265
E2F1	1869	IL4I1	259307
E2F1	1869	IL1RAPL1	11141
E2F1	1869	IL1A	3552
E2F1	1869	IGFBP3	3486
E2F1	1869	IGF2BP3	10643
E2F1	1869	IGF2	3481
E2F1	1869	HSPA12A	259217
E2F1	1869	HS6ST3	266722
E2F1	1869	HOXC10	3226
E2F1	1869	HOXB7	3217
E2F1	1869	HMGB2	3148
E2F1	1869	HFE	3077
E2F1	1869	HELLS	3070
E2F1	1869	HCN4	10021
E2F1	1869	HAMP	57817
E2F1	1869	GSTM2	2946
E2F1	1869	GRM7	2917
E2F1	1869	GRIN3A	116443
E2F1	1869	GRIA4	2893
E2F1	1869	GREB1L	80000
E2F1	1869	GPRC5B	51704
E2F1	1869	GNAZ	2781
E2F1	1869	GNAI1	2770
E2F1	1869	GLUD1	2746
E2F1	1869	GLT25D1	79709
E2F1	1869	GLRA3	8001
E2F1	1869	GJC1	10052
E2F1	1869	GCHFR	2644
E2F1	1869	GBAS	2631
E2F1	1869	GAS1	2619
E2F1	1869	GAD1	2571
E2F1	1869	FPR1	2357
E2F1	1869	FPGT	8790
E2F1	1869	FNDC3B	64778
E2F1	1869	FGFRL1	53834
E2F1	1869	FCHSD1	89848
E2F1	1869	FBXW4	6468
E2F1	1869	FBXO5	26271
E2F1	1869	FBXO2	26232
E2F1	1869	FBLN1	2192
E2F1	1869	FBLIM1	54751
E2F1	1869	FASN	2194
E2F1	1869	FANCI	55215
E2F1	1869	FAM81A	145773
E2F1	1869	FAM72D	728833
E2F1	1869	FAM64A	54478
E2F1	1869	FAM155A	728215
E2F1	1869	FAM115A	9747
E2F1	1869	FAM111B	374393
E2F1	1869	FAM111A	63901
E2F1	1869	FABP5	2171
E2F1	1869	EZH2	2146
E2F1	1869	EXO1	9156
E2F1	1869	ESYT3	83850
E2F1	1869	ENPEP	2028
E2F1	1869	EN2	2020
E2F1	1869	EN1	2019
E2F1	1869	EMR1	2015
E2F1	1869	ELOVL7	79993
E2F1	1869	ELAVL4	1996
E2F1	1869	EGFR	1956
E2F1	1869	EEPD1	80820
E2F1	1869	EDIL3	10085
E2F1	1869	EDARADD	128178
E2F1	1869	ECEL1	9427
E2F1	1869	E2F8	79733
E2F1	1869	E2F2	1870
E2F1	1869	DYRK3	8444
E2F1	1869	DOCK5	80005
E2F1	1869	DOCK10	55619
E2F1	1869	DIRAS2	54769
E2F1	1869	DHRS2	10202
E2F1	1869	DDB2	1643
E2F1	1869	DCBLD2	131566
E2F1	1869	DAP	1611
E2F1	1869	CYR61	3491
E2F1	1869	CYP19A1	1588
E2F1	1869	CXCR4	7852
E2F1	1869	CTBS	1486
E2F1	1869	CSRNP3	80034
E2F1	1869	CREG2	200407
E2F1	1869	CRABP1	1381
E2F1	1869	CPNE7	27132
E2F1	1869	CNNM1	26507
E2F1	1869	CNIH4	29097
E2F1	1869	CLSPN	63967
E2F1	1869	CLCF1	23529
E2F1	1869	CHST15	51363
E2F1	1869	CHRM4	1132
E2F1	1869	CENPH	64946
E2F1	1869	CENPF	1063
E2F1	1869	CELSR1	9620
E2F1	1869	CELF4	56853
E2F1	1869	CDKN2C	1031
E2F1	1869	CDKN2A	1029
E2F1	1869	CDK5R1	8851
E2F1	1869	CDK4	1019
E2F1	1869	CDH20	28316
E2F1	1869	CDCA5	113130
E2F1	1869	CD74	972
E2F1	1869	CD72	971
E2F1	1869	CD164	8763
E2F1	1869	CD151	977
E2F1	1869	CCDC109B	55013
E2F1	1869	CBX6	23466
E2F1	1869	CBLN1	869
E2F1	1869	CAV1	857
E2F1	1869	CASP6	839
E2F1	1869	CAPZA2	830
E2F1	1869	CAMKK1	84254
E2F1	1869	CAMK2A	815
E2F1	1869	CA2	760
E2F1	1869	CA12	771
E2F1	1869	C9orf64	84267
E2F1	1869	C2CD4C	126567
E2F1	1869	C1orf95	375057
E2F1	1869	C1orf53	388722
E2F1	1869	C1S	716
E2F1	1869	C17orf102	400591
E2F1	1869	BTG3	10950
E2F1	1869	BSPRY	54836
E2F1	1869	BRSK2	9024
E2F1	1869	BEND7	222389
E2F1	1869	BCL7A	605
E2F1	1869	B2M	567
E2F1	1869	ATP8B5P	158381
E2F1	1869	ATP2C2	9914
E2F1	1869	ATP10A	57194
E2F1	1869	ATF5	22809
E2F1	1869	ATF3	467
E2F1	1869	ASB13	79754
E2F1	1869	ARSJ	79642
E2F1	1869	ARRDC3	57561
E2F1	1869	ARPC5	10092
E2F1	1869	ARNTL2	56938
E2F1	1869	ARHGAP11A	9824
E2F1	1869	ANXA3	306
E2F1	1869	ANKRD26	22852
E2F1	1869	ANG	283
E2F1	1869	ALOX5AP	241
E2F1	1869	AKAP11	11215
E2F1	1869	ADM	133
E2F1	1869	ADCY1	107
E2F1	1869	ADAMTS19	171019
E2F1	1869	ADAMTS14	140766
E2F1	1869	ADAM8	101
E2F1	1869	ACSM5	54988
CEBPD	1052	TNF	7124
CEBPD	1052	TF	7018
CEBPD	1052	SFTPD	6441
CEBPD	1052	PTGS2	5743
CEBPD	1052	NOS2	4843
CEBPD	1052	MIA	8190
CEBPD	1052	IL6	3569
CEBPD	1052	IL1A	3552
CEBPD	1052	GADD45G	10912
CEBPD	1052	F3	2152
CEBPD	1052	ELN	2006
CEBPD	1052	CYP19A1	1588
CEBPD	1052	CCNE1	898
CEBPD	1052	CCL5	6352
CEBPD	1052	ALOX5AP	241
CEBPB	1051	ZNF217	7764
CEBPB	1051	ZMYND10	51364
CEBPB	1051	ZC3H12B	340554
CEBPB	1051	ZBTB20	26137
CEBPB	1051	WNT10B	7480
CEBPB	1051	TUBA1A	7846
CEBPB	1051	TRIB3	57761
CEBPB	1051	TNFAIP6	7130
CEBPB	1051	TNF	7124
CEBPB	1051	THRA	7067
CEBPB	1051	SYBU	55638
CEBPB	1051	STAR	6770
CEBPB	1051	SPRY4	81848
CEBPB	1051	SP8	221833
CEBPB	1051	SORL1	6653
CEBPB	1051	SMAD7	4092
CEBPB	1051	SLC7A7	9056
CEBPB	1051	SLC16A10	117247
CEBPB	1051	SLC12A5	57468
CEBPB	1051	SH3GL2	6456
CEBPB	1051	SH2D4A	63898
CEBPB	1051	SFTPD	6441
CEBPB	1051	SASH1	23328
CEBPB	1051	SAA2	6289
CEBPB	1051	RPS6KA5	9252
CEBPB	1051	RARRES1	5918
CEBPB	1051	PXDNL	137902
CEBPB	1051	PTGS2	5743
CEBPB	1051	PTGS1	5742
CEBPB	1051	PSTPIP1	9051
CEBPB	1051	PRLR	5618
CEBPB	1051	PRG4	10216
CEBPB	1051	PRDX4	10549
CEBPB	1051	PRDM8	56978
CEBPB	1051	PLK3	1263
CEBPB	1051	PLEKHB1	58473
CEBPB	1051	PDGFD	80310
CEBPB	1051	PDE2A	5138
CEBPB	1051	PCDHGB5	56101
CEBPB	1051	PAH	5053
CEBPB	1051	OLIG1	116448
CEBPB	1051	NTRK2	4915
CEBPB	1051	NOS2	4843
CEBPB	1051	NNAT	4826
CEBPB	1051	MYH7B	57644
CEBPB	1051	MRC2	9902
CEBPB	1051	MIA	8190
CEBPB	1051	MARVELD1	83742
CEBPB	1051	MANF	7873
CEBPB	1051	MAL2	114569
CEBPB	1051	LOXL1	4016
CEBPB	1051	LOX	4015
CEBPB	1051	KIF13A	63971
CEBPB	1051	KCNN3	3782
CEBPB	1051	KCNN2	3781
CEBPB	1051	KCNJ3	3760
CEBPB	1051	ISG20	3669
CEBPB	1051	INPP5J	27124
CEBPB	1051	IL8	3576
CEBPB	1051	IL6	3569
CEBPB	1051	IL1A	3552
CEBPB	1051	IGF2	3481
CEBPB	1051	ICAM1	3383
CEBPB	1051	HP	3240
CEBPB	1051	HOXD10	3236
CEBPB	1051	HOXA5	3202
CEBPB	1051	HOPX	84525
CEBPB	1051	GADD45G	10912
CEBPB	1051	GABRA3	2556
CEBPB	1051	G0S2	50486
CEBPB	1051	FOSL1	8061
CEBPB	1051	FN1	2335
CEBPB	1051	FILIP1L	11259
CEBPB	1051	FAM84B	157638
CEBPB	1051	F3	2152
CEBPB	1051	ERBB4	2066
CEBPB	1051	ELN	2006
CEBPB	1051	ELFN2	114794
CEBPB	1051	DOK3	79930
CEBPB	1051	DHRS2	10202
CEBPB	1051	DENND2D	79961
CEBPB	1051	DCN	1634
CEBPB	1051	DACH2	117154
CEBPB	1051	CYP19A1	1588
CEBPB	1051	CYFIP2	26999
CEBPB	1051	CXCL14	9547
CEBPB	1051	CPNE4	131034
CEBPB	1051	CP	1356
CEBPB	1051	CNTNAP2	26047
CEBPB	1051	CHGA	1113
CEBPB	1051	CHEK2	11200
CEBPB	1051	CELF3	11189
CEBPB	1051	CDNF	441549
CEBPB	1051	CDCA2	157313
CEBPB	1051	CD14	929
CEBPB	1051	CCNA2	890
CEBPB	1051	CCL5	6352
CEBPB	1051	CAPZA2	830
CEBPB	1051	C1RL	51279
CEBPB	1051	C17orf102	400591
CEBPB	1051	ATP6V1G2	534
CEBPB	1051	ATP2B2	491
CEBPB	1051	ALB	213
CEBPB	1051	AKR1C1	1645
CEBPB	1051	AIM1	202
CEBPB	1051	ADM	133
CEBPB	1051	ACADSB	36
CEBPB	1051	ABCA13	154664
ATF5	22809	ZWILCH	55055
ATF5	22809	ZMIZ1	57178
ATF5	22809	ZHX2	22882
ATF5	22809	VIP	7432
ATF5	22809	TYMP	1890
ATF5	22809	TXNDC5	81567
ATF5	22809	TSPAN31	6302
ATF5	22809	TRPC6	7225
ATF5	22809	TRAIP	10293
ATF5	22809	TMEM151A	256472
ATF5	22809	SYN1	6853
ATF5	22809	SULT4A1	25830
ATF5	22809	SSTR2	6752
ATF5	22809	SSBP3	23648
ATF5	22809	SNAP25	6616
ATF5	22809	SLC8A3	6547
ATF5	22809	SLC7A3	84889
ATF5	22809	SLC27A3	11000
ATF5	22809	SIK3	23387
ATF5	22809	SIDT1	54847
ATF5	22809	SHC3	53358
ATF5	22809	SHANK1	50944
ATF5	22809	SCG3	29106
ATF5	22809	SASH1	23328
ATF5	22809	RUNDC3A	10900
ATF5	22809	RNF32	140545
ATF5	22809	RASAL1	8437
ATF5	22809	PRRT2	112476
ATF5	22809	PRKCE	5581
ATF5	22809	PPP1R3F	89801
ATF5	22809	PPM1K	152926
ATF5	22809	PNMA3	29944
ATF5	22809	PHACTR3	116154
ATF5	22809	PDLIM3	27295
ATF5	22809	PCDH7	5099
ATF5	22809	OSM	5008
ATF5	22809	NPTX1	4884
ATF5	22809	NOL4	8715
ATF5	22809	NEUROD6	63974
ATF5	22809	NEFH	4744
ATF5	22809	MYBL2	4605
ATF5	22809	MCAM	4162
ATF5	22809	MAST1	22983
ATF5	22809	LRRC8A	56262
ATF5	22809	LOX	4015
ATF5	22809	LOC338651	338651
ATF5	22809	LGR5	8549
ATF5	22809	LENG9	94059
ATF5	22809	LDHA	3939
ATF5	22809	KIAA1377	57562
ATF5	22809	KDELR1	10945
ATF5	22809	KCNN2	3781
ATF5	22809	KCNK12	56660
ATF5	22809	IGF2BP2	10644
ATF5	22809	HR	55806
ATF5	22809	HIC1	3090
ATF5	22809	HCN2	610
ATF5	22809	GPRC5A	9052
ATF5	22809	GATA4	2626
ATF5	22809	FN1	2335
ATF5	22809	FLNC	2318
ATF5	22809	FILIP1L	11259
ATF5	22809	FGF9	2254
ATF5	22809	FGF13	2258
ATF5	22809	FBXO4	26272
ATF5	22809	FAM63B	54629
ATF5	22809	FAM167A	83648
ATF5	22809	FAM123A	219287
ATF5	22809	EBF3	253738
ATF5	22809	DUSP23	54935
ATF5	22809	DLGAP1	9229
ATF5	22809	CSDC2	27254
ATF5	22809	CRABP2	1382
ATF5	22809	CORO6	84940
ATF5	22809	CEP55	55165
ATF5	22809	CENPE	1062
ATF5	22809	CDKL5	6792
ATF5	22809	CDK5R2	8941
ATF5	22809	CDK2	1017
ATF5	22809	CDH18	1016
ATF5	22809	CCDC8	83987
ATF5	22809	CAMKV	79012
ATF5	22809	C15orf59	388135
ATF5	22809	ARRB1	408
ATF5	22809	ARF4	378
ATF5	22809	AMOTL2	51421
ATF5	22809	ADRA2C	152
ATF5	22809	ADAMTS3	9508
ATF3	467	ZWILCH	55055
ATF3	467	ZMIZ1	57178
ATF3	467	ZHX2	22882
ATF3	467	VIP	7432
ATF3	467	TYMP	1890
ATF3	467	TXNDC5	81567
ATF3	467	TSPAN31	6302
ATF3	467	TRPC6	7225
ATF3	467	TRAIP	10293
ATF3	467	TMEM151A	256472
ATF3	467	SYN1	6853
ATF3	467	SULT4A1	25830
ATF3	467	SSTR2	6752
ATF3	467	SSBP3	23648
ATF3	467	SNAP25	6616
ATF3	467	SLC8A3	6547
ATF3	467	SLC7A3	84889
ATF3	467	SLC27A3	11000
ATF3	467	SIK3	23387
ATF3	467	SIDT1	54847
ATF3	467	SHC3	53358
ATF3	467	SHANK1	50944
ATF3	467	SCG3	29106
ATF3	467	SASH1	23328
ATF3	467	RUNDC3A	10900
ATF3	467	RNF32	140545
ATF3	467	RASAL1	8437
ATF3	467	PRRT2	112476
ATF3	467	PRKCE	5581
ATF3	467	PPP1R3F	89801
ATF3	467	PPM1K	152926
ATF3	467	PNMA3	29944
ATF3	467	PHACTR3	116154
ATF3	467	PDLIM3	27295
ATF3	467	PCDH7	5099
ATF3	467	OSM	5008
ATF3	467	NPTX1	4884
ATF3	467	NOL4	8715
ATF3	467	NEUROD6	63974
ATF3	467	NEFH	4744
ATF3	467	MYBL2	4605
ATF3	467	MCAM	4162
ATF3	467	MAST1	22983
ATF3	467	LRRC8A	56262
ATF3	467	LOX	4015
ATF3	467	LOC338651	338651
ATF3	467	LGR5	8549
ATF3	467	LENG9	94059
ATF3	467	LDHA	3939
ATF3	467	KIAA1377	57562
ATF3	467	KDELR1	10945
ATF3	467	KCNN2	3781
ATF3	467	KCNK12	56660
ATF3	467	IGF2BP2	10644
ATF3	467	HR	55806
ATF3	467	HIC1	3090
ATF3	467	HCN2	610
ATF3	467	GPRC5A	9052
ATF3	467	GATA4	2626
ATF3	467	FN1	2335
ATF3	467	FLNC	2318
ATF3	467	FILIP1L	11259
ATF3	467	FGF9	2254
ATF3	467	FGF13	2258
ATF3	467	FBXO4	26272
ATF3	467	FAM63B	54629
ATF3	467	FAM167A	83648
ATF3	467	FAM123A	219287
ATF3	467	EBF3	253738
ATF3	467	DUSP23	54935
ATF3	467	DLGAP1	9229
ATF3	467	CSDC2	27254
ATF3	467	CRABP2	1382
ATF3	467	CORO6	84940
ATF3	467	CEP55	55165
ATF3	467	CENPE	1062
ATF3	467	CDKL5	6792
ATF3	467	CDK5R2	8941
ATF3	467	CDK2	1017
ATF3	467	CDH18	1016
ATF3	467	CCDC8	83987
ATF3	467	CAMKV	79012
ATF3	467	C15orf59	388135
ATF3	467	ARRB1	408
ATF3	467	ARF4	378
ATF3	467	AMOTL2	51421
ATF3	467	ADRA2C	152
ATF3	467	ADAMTS3	9508
AHR	196	ZMIZ1	57178
AHR	196	ZHX2	22882
AHR	196	ZBTB42	100128927
AHR	196	ZBTB20	26137
AHR	196	WNT7B	7477
AHR	196	WNK2	65268
AHR	196	VSNL1	7447
AHR	196	VAX2	25806
AHR	196	USP27X	389856
AHR	196	TTC39A	22996
AHR	196	TRIM67	440730
AHR	196	TRHDE	29953
AHR	196	TPM4	7171
AHR	196	TOX	9760
AHR	196	TNF	7124
AHR	196	TMEM125	128218
AHR	196	TFAP4	7023
AHR	196	TCEA3	6920
AHR	196	TC2N	123036
AHR	196	TACC3	10460
AHR	196	SYT1	6857
AHR	196	SYP	6855
AHR	196	SYNGR3	9143
AHR	196	STXBP6	29091
AHR	196	STOX1	219736
AHR	196	ST14	6768
AHR	196	SSBP3	23648
AHR	196	SRCIN1	80725
AHR	196	SPTBN4	57731
AHR	196	SORL1	6653
AHR	196	SOD3	6649
AHR	196	SOCS3	9021
AHR	196	SOCS1	8651
AHR	196	SMO	6608
AHR	196	SMAD7	4092
AHR	196	SLITRK1	114798
AHR	196	SLCO5A1	81796
AHR	196	SLC7A3	84889
AHR	196	SLC7A14	57709
AHR	196	SLC34A2	10568
AHR	196	SLC25A43	203427
AHR	196	SLC24A2	25769
AHR	196	SLC1A4	6509
AHR	196	SLC1A2	6506
AHR	196	SHISA6	388336
AHR	196	SFRP2	6423
AHR	196	SEMA4G	57715
AHR	196	RYR2	6262
AHR	196	RTN4RL1	146760
AHR	196	RNF165	494470
AHR	196	RIMBP2	23504
AHR	196	RICTOR	253260
AHR	196	RGS7BP	401190
AHR	196	RGS16	6004
AHR	196	RAD51	5888
AHR	196	RAB3A	5864
AHR	196	PVRL1	5818
AHR	196	PTCH1	5727
AHR	196	PSD2	84249
AHR	196	PSD	5662
AHR	196	PRRT1	80863
AHR	196	PRLR	5618
AHR	196	PRLHR	2834
AHR	196	PRKCDBP	112464
AHR	196	PREX2	80243
AHR	196	PRDM8	56978
AHR	196	PRDM11	56981
AHR	196	PPP1R9A	55607
AHR	196	PPIC	5480
AHR	196	PPIA	5478
AHR	196	PPFIA3	8541
AHR	196	PPARA	5465
AHR	196	PLCB1	23236
AHR	196	PITPNM3	83394
AHR	196	PHLPP1	23239
AHR	196	PHF16	9767
AHR	196	PDIA5	10954
AHR	196	PDGFA	5154
AHR	196	PCDHGA5	56110
AHR	196	PCDHGA11	56105
AHR	196	PCDHGA10	56106
AHR	196	PCDHA6	56142
AHR	196	PC	5091
AHR	196	PA2G4P4	647033
AHR	196	OSBPL10	114884
AHR	196	OLIG2	10215
AHR	196	NTAN1	123803
AHR	196	NRGN	4900
AHR	196	NPR1	4881
AHR	196	NOP10	55505
AHR	196	NEUROD2	4761
AHR	196	NEURL	9148
AHR	196	NEGR1	257194
AHR	196	NDUFA4L2	56901
AHR	196	MYO9A	4649
AHR	196	MXI1	4601
AHR	196	MRPS15	64960
AHR	196	MRPL36	64979
AHR	196	MLLT6	4302
AHR	196	MET	4233
AHR	196	MARCH4	57574
AHR	196	MAPK8IP3	23162
AHR	196	MAN1C1	57134
AHR	196	LRRC16B	90668
AHR	196	LOXL1	4016
AHR	196	LHFPL4	375323
AHR	196	LCTL	197021
AHR	196	LCNL1	401562
AHR	196	LAMC1	3915
AHR	196	KLF15	28999
AHR	196	KIF5A	3798
AHR	196	KIF1A	547
AHR	196	KIF18A	81930
AHR	196	KIAA2022	340533
AHR	196	KCNQ5	56479
AHR	196	KCNN4	3783
AHR	196	KCNK1	3775
AHR	196	KCNJ12	3768
AHR	196	KCNA4	3739
AHR	196	KCNA2	3737
AHR	196	KALRN	8997
AHR	196	JAG1	182
AHR	196	ITGA3	3675
AHR	196	ISM1	140862
AHR	196	ISG15	9636
AHR	196	IRF1	3659
AHR	196	IQGAP2	10788
AHR	196	INPP5J	27124
AHR	196	IL1RAP	3556
AHR	196	IL17D	53342
AHR	196	IGFBP7	3490
AHR	196	IGFBP3	3486
AHR	196	HTR5A	3361
AHR	196	HS6ST3	266722
AHR	196	HOXD3	3232
AHR	196	HOXB7	3217
AHR	196	HOXA7	3204
AHR	196	HOXA5	3202
AHR	196	HOXA11	3207
AHR	196	HOXA10	3206
AHR	196	HMGN2	3151
AHR	196	HES5	388585
AHR	196	HAND2	9464
AHR	196	GRIN2B	2904
AHR	196	GRIN2A	2903
AHR	196	GRIA4	2893
AHR	196	GPRC5B	51704
AHR	196	GPC3	2719
AHR	196	GLT25D1	79709
AHR	196	GJB6	10804
AHR	196	GAD1	2571
AHR	196	GABBR2	9568
AHR	196	FUT9	10690
AHR	196	FST	10468
AHR	196	FPGT	8790
AHR	196	FHDC1	85462
AHR	196	FBXL16	146330
AHR	196	FAM83D	81610
AHR	196	FAM19A5	25817
AHR	196	FAM171A2	284069
AHR	196	FAM155B	27112
AHR	196	FAM110B	90362
AHR	196	FAAH	2166
AHR	196	EZH2	2146
AHR	196	ESCO2	157570
AHR	196	EPHB6	2051
AHR	196	EPB41L4B	54566
AHR	196	EN2	2020
AHR	196	EFNA4	1945
AHR	196	DOCK5	80005
AHR	196	DOCK3	1795
AHR	196	DOC2B	8447
AHR	196	DMRTA2	63950
AHR	196	DLGAP1	9229
AHR	196	DIP2C	22982
AHR	196	CYR61	3491
AHR	196	CYP26B1	56603
AHR	196	CTSK	1513
AHR	196	COL12A1	1303
AHR	196	CLSPN	63967
AHR	196	CHD7	55636
AHR	196	CDH22	64405
AHR	196	CDCA7L	55536
AHR	196	CDC42EP5	148170
AHR	196	CDC26	246184
AHR	196	CCBL1	883
AHR	196	CBX7	23492
AHR	196	CBX6	23466
AHR	196	CBLN1	869
AHR	196	CAMKV	79012
AHR	196	CACNA2D2	9254
AHR	196	CACNA1I	8911
AHR	196	CACNA1B	774
AHR	196	CA10	56934
AHR	196	C5orf38	153571
AHR	196	C4A	720
AHR	196	C15orf59	388135
AHR	196	BCL11B	64919
AHR	196	B3GALT2	8707
AHR	196	ATP8B5P	158381
AHR	196	ATP8A1	10396
AHR	196	ATF5	22809
AHR	196	ATF3	467
AHR	196	ASPHD1	253982
AHR	196	ASPDH	554235
AHR	196	ARRB1	408
AHR	196	ARF4	378
AHR	196	APLN	8862
AHR	196	ANGPTL6	83854
AHR	196	ALCAM	214
AHR	196	AFAP1L1	134265
AHR	196	ADRA1D	146
AHR	196	ADCY5	111
AHR	196	ADCY1	107
AHR	196	ADAMTSL3	57188
AHR	196	ADAMTS13	11093
AHR	196	ADAM9	8754
AHR	196	ACTN1	87
AHR	196	AHR	196
AHR	196	NCOA2	10499
ATF3	467	ATF3	467
ATF3	467	BATF3	55509
ATF3	467	NUF2	83540
ATF5	22809	GABBR1	2550
ATF5	22809	GABBR2	9568
BATF3	55509	ATF3	467
BATF3	55509	PGR	5241
BCL3	602	SHC1	6464
CBFA2T3	863	CBFA2T3	863
CBFA2T3	863	RUNX1	861
CBFA2T3	863	RUNX1T1	862
CBX7	23492	CBX7	23492
CEBPB	1051	CAMK2A	815
CEBPB	1051	CCL3	6348
CEBPB	1051	CEBPB	1051
CEBPB	1051	CEBPD	1052
CEBPB	1051	EGFR	1956
CEBPB	1051	RPS6KA5	9252
CEBPB	1051	RUNX1	861
CEBPD	1052	CEBPB	1051
CENPK	64105	SOX6	55553
CRABP2	1382	CRABP2	1382
CSDA	8531	CDK4	1019
CSDA	8531	VEGFA	7422
DDB2	1643	E2F1	1869
DEDD2	162989	CASP8	841
DEDD2	162989	DEDD2	162989
DLX2	1746	MSX2	4488
DLX2	1746	NCOA2	10499
DLX5	1749	MSX2	4488
DLX5	1749	NCOA2	10499
DLX5	1749	SOX8	30812
E2F1	1869	CCNA2	890
E2F1	1869	CDK1	983
E2F1	1869	CDK2	1017
E2F1	1869	CDKN2A	1029
E2F1	1869	CHEK2	11200
E2F1	1869	DDB2	1643
E2F2	1870	CCNA2	890
E2F2	1870	CDK2	1017
ELAVL2	1993	ELAVL2	1993
ELAVL2	1993	ELAVL3	1995
ELAVL2	1993	ELAVL4	1996
ELF4	2000	FBXO4	26272
ELF4	2000	RUNX1	861
ESPL1	9700	PTTG1	9232
EYA2	2139	GNAZ	2781
EZH2	2146	ZMYND11	10771
FHL2	2274	FHL2	2274
FHL2	2274	IGFBP5	3488
FHL2	2274	ITGA3	3675
FHL2	2274	ITGA7	3679
FHL2	2274	ITGB1	3688
FHL2	2274	TTN	7273
FHL2	2274	ZBTB16	7704
FOXM1	2305	CDK1	983
FOXM1	2305	CDK2	1017
GATA4	2626	HAND2	9464
GATA4	2626	NKX2-5	1482
GLI1	2735	PRKX	5613
GLI1	2735	ZIC1	7545
HAND2	9464	GATA4	2626
HAND2	9464	HAND2	9464
HAND2	9464	HEY2	23493
HAND2	9464	PRKCA	5578
HDAC11	79885	PHYHIP	9796
HDAC4	9759	CAMK4	814
HDAC4	9759	HDAC4	9759
HDAC4	9759	TNFRSF14	8764
HDAC4	9759	ZBTB16	7704
HEY2	23493	HAND2	9464
HEY2	23493	HEY2	23493
HEY2	23493	PLSCR1	5359
HIC1	3090	HIC1	3090
HIPK2	28996	HIPK2	28996
HIPK2	28996	MDM2	4193
HIPK2	28996	NKX2-5	1482
HIPK2	28996	PTCH1	5727
HIPK2	28996	RUNX1	861
HIPK2	28996	SP100	6672
HIPK2	28996	TP73	7161
HMGA2	8091	CDK1	983
HMGB2	3148	PGR	5241
HMGB2	3148	POU2F1	5451
HMGN2	3151	HMGN2	3151
HMGN2	3151	PRKCA	5578
HOXA10	3206	HOXA10	3206
HOXA5	3202	TWIST1	7291
HOXA9	3205	PLSCR1	5359
HOXA9	3205	TRIP6	7205
HOXC10	3226	EGFR	1956
HR	55806	VDR	7421
JMJD1C	221037	THRB	7068
JMY	133746	MDM2	4193
KCNIP3	30818	CASP3	836
LZTS1	11178	CDC25C	995
LZTS1	11178	CDK1	983
MCM2	4171	CCNB2	9133
MCM2	4171	CDC45	8318
MCM2	4171	CDC6	990
MCM2	4171	CDK4	1019
MCM2	4171	CDKN2A	1029
MCM2	4171	DBF4	10926
MCM2	4171	MCM10	55388
MCM2	4171	MCM2	4171
MCM2	4171	MCM6	4175
MCM2	4171	PLK1	5347
MCM2	4171	RPA3	6119
MCM6	4175	CDC45	8318
MCM6	4175	DBF4	10926
MCM6	4175	MCM10	55388
MCM6	4175	MCM2	4171
MCM6	4175	MCM6	4175
MEOX2	4223	HSPA2	3306
MEOX2	4223	PAX1	5075
MEOX2	4223	PAX3	5077
MEOX2	4223	VIP	7432
MLL	4297	MLL	4297
MSX2	4488	DLX2	1746
MSX2	4488	DLX5	1749
MSX2	4488	MSX2	4488
MYBL2	4605	CCNA2	890
MYBL2	4605	CCNE1	898
MYBL2	4605	CDK2	1017
MYBL2	4605	MYBL2	4605
MYCBP	26292	CPNE4	131034
MYCBP	26292	PTCHD2	57540
MYCBP	26292	PTN	5764
MYT1	4661	CDK1	983
MYT1	4661	PLK1	5347
NCOA2	10499	AHR	196
NCOA2	10499	CDK4	1019
NCOA2	10499	DLX2	1746
NCOA2	10499	DLX5	1749
NCOA2	10499	KIF5A	3798
NCOA2	10499	KIF5C	3800
NCOA2	10499	PSMB9	5698
NCOA2	10499	THRB	7068
NCOA2	10499	VDR	7421
NKX2-5	1482	GATA4	2626
NKX2-5	1482	HIPK2	28996
NMI	9111	EMILIN1	11117
NMI	9111	GCSH	2653
NMI	9111	NMI	9111
NMI	9111	STAT4	6775
NR3C2	4306	PROX1	5629
NR5A2	2494	ALB	213
NR5A2	2494	PROX1	5629
OLIG2	10215	SOX8	30812
OTX1	5013	CHIC2	26511
PAX1	5075	MEOX2	4223
PAX3	5077	MEOX2	4223
PAX3	5077	PAX3	5077
PAX3	5077	SOX8	30812
PAX3	5077	WWTR1	25937
PDLIM1	9124	ACTN1	87
PDLIM1	9124	VIM	7431
PDLIM4	8572	TRIP6	7205
PER3	8863	CRY2	1408
PER3	8863	PER3	8863
PGR	5241	BATF3	55509
PGR	5241	CCNA2	890
PGR	5241	HMGB2	3148
PGR	5241	MAPK13	5603
PGR	5241	PGR	5241
PGR	5241	POU2F1	5451
PGR	5241	SORBS1	10580
POU2F1	5451	HMGB2	3148
POU2F1	5451	PGR	5241
POU2F1	5451	POU2F1	5451
POU2F1	5451	THRA	7067
PPARA	5465	GADD45A	1647
PPARA	5465	GADD45G	10912
PPARA	5465	PPARA	5465
PPARA	5465	PRKCA	5578
PPARA	5465	RXRG	6258
PROX1	5629	NR3C2	4306
PROX1	5629	NR5A2	2494
PTTG1	9232	CDC20	991
PTTG1	9232	CDC26	246184
PTTG1	9232	CDK1	983
PTTG1	9232	ESPL1	9700
RAD51	5888	CASP3	836
RAD51	5888	FANCD2	2177
RAD51	5888	RAD51	5888
RAD51	5888	RAD51AP1	10635
RAD51	5888	RAD54B	25788
RAD51	5888	RAD54L	8438
RAD51	5888	VIM	7431
RAD54B	25788	RAD51	5888
RAD54B	25788	RAD54B	25788
RUNX1	861	CBFA2T3	863
RUNX1	861	CEBPB	1051
RUNX1	861	ELF4	2000
RUNX1	861	HIPK2	28996
RUNX1	861	WWTR1	25937
RUNX1T1	862	CBFA2T3	863
RUNX1T1	862	NECAB2	54550
RUNX1T1	862	RUNX1T1	862
RUNX1T1	862	ZBTB16	7704
RXRG	6258	CHGB	1114
RXRG	6258	PPARA	5465
RXRG	6258	THRA	7067
RXRG	6258	THRB	7068
RXRG	6258	VDR	7421
SATB1	6304	CASP6	839
SATB1	6304	SATB1	6304
SERTAD1	29950	CDK4	1019
SERTAD1	29950	CDKN2A	1029
SMAD7	4092	SMAD7	4092
SMAD7	4092	SMAD9	4093
SMAD7	4092	TNF	7124
SMAD9	4093	DIAPH3	81624
SMAD9	4093	DKK1	22943
SMAD9	4093	DST	667
SMAD9	4093	EVC2	132884
SMAD9	4093	EXPH5	23086
SMAD9	4093	FN1	2335
SMAD9	4093	FTL	2512
SMAD9	4093	MAN1C1	57134
SMAD9	4093	MTMR11	10903
SMAD9	4093	SMAD7	4092
SOX6	55553	CENPK	64105
SOX6	55553	SOX6	55553
SOX8	30812	DLX5	1749
SOX8	30812	OLIG2	10215
SOX8	30812	PAX3	5077
SP100	6672	HIPK2	28996
SREBF2	6721	CASP3	836
SREBF2	6721	SREBF2	6721
STAT4	6775	CISH	1154
STAT4	6775	NMI	9111
STAT4	6775	STAT4	6775
TEAD3	7005	MYH7	4625
TEAD3	7005	WWTR1	25937
TGFB1I1	7041	HSPB1	3315
TGFB1I1	7041	ITGA4	3676
THRA	7067	OASL	8638
THRA	7067	POU2F1	5451
THRA	7067	RXRG	6258
THRB	7068	JMJD1C	221037
THRB	7068	NCOA2	10499
THRB	7068	RXRG	6258
THRB	7068	THRB	7068
THRB	7068	TRIP13	9319
THRB	7068	TRIP6	7205
TLX1	3195	TLX1	3195
TP73	7161	CABLES1	91768
TP73	7161	CDK1	983
TP73	7161	CDK2	1017
TP73	7161	HIPK2	28996
TP73	7161	MDM2	4193
TP73	7161	TP73	7161
TRIM21	6737	TRIM21	6737
TRIM5	85363	TRIM5	85363
TRIM5	85363	TRIM6	117854
TRIP13	9319	ASB13	79754
TRIP13	9319	CARD14	79092
TRIP13	9319	CD99	4267
TRIP13	9319	HDHD3	81932
TRIP13	9319	LOXL4	84171
TRIP13	9319	PBLD	64081
TRIP13	9319	PLAC8	51316
TRIP13	9319	PLK3	1263
TRIP13	9319	SEMA4G	57715
TRIP13	9319	THRB	7068
TRIP13	9319	TRIP13	9319
TRIP6	7205	AQP1	358
TRIP6	7205	HOXA9	3205
TRIP6	7205	PDLIM4	8572
TRIP6	7205	THRB	7068
TRIP6	7205	TPM4	7171
TWIST1	7291	HOXA5	3202
TWIST1	7291	TWIST1	7291
VDR	7421	HR	55806
VDR	7421	NCOA2	10499
VDR	7421	RXRG	6258
VDR	7421	VDR	7421
VDR	7421	ZBTB16	7704
WWTR1	25937	PAX3	5077
WWTR1	25937	RUNX1	861
WWTR1	25937	TEAD3	7005
XBP1	7494	XBP1	7494
ZBTB16	7704	ACP5	54
ZBTB16	7704	ATP7B	540
ZBTB16	7704	CCDC109B	55013
ZBTB16	7704	CDK1	983
ZBTB16	7704	FCHO1	23149
ZBTB16	7704	FHL2	2274
ZBTB16	7704	GCSH	2653
ZBTB16	7704	HDAC4	9759
ZBTB16	7704	IL6	3569
ZBTB16	7704	PLSCR1	5359
ZBTB16	7704	RAB27A	5873
ZBTB16	7704	RUNX1T1	862
ZBTB16	7704	VDR	7421
ZBTB16	7704	ZBTB16	7704
ZHX2	22882	ZHX2	22882
ZIC1	7545	GLI1	2735
ZMYND11	10771	EZH2	2146
ZNF33A	7581	ZNF33A	7581
